State,Region,Year,Year_Label,MedianHomeValue,MedianHouseholdIncome,PriceToIncomeRatio,AffordabilityCategory
Alabama,South,2000,2000,101032,31445,3.21,5 - Affordable (Under 3.5x)
Alabama,South,2001,2001,105164,32549,3.23,5 - Affordable (Under 3.5x)
Alabama,South,2002,2002,108003,34241,3.15,5 - Affordable (Under 3.5x)
Alabama,South,2003,2003,111254,34798,3.2,5 - Affordable (Under 3.5x)
Alabama,South,2004,2004,115220,36290,3.18,5 - Affordable (Under 3.5x)
Alabama,South,2005,2005,120930,37573,3.22,5 - Affordable (Under 3.5x)
Alabama,South,2006,2006,130287,38548,3.38,5 - Affordable (Under 3.5x)
Alabama,South,2007,2007,136541,39644,3.44,5 - Affordable (Under 3.5x)
Alabama,South,2008,2008,135998,40657,3.35,5 - Affordable (Under 3.5x)
Alabama,South,2009,2009,130929,40645,3.22,5 - Affordable (Under 3.5x)
Alabama,South,2010,2010,125684,41670,3.02,5 - Affordable (Under 3.5x)
Alabama,South,2011,2011,119875,43180,2.78,5 - Affordable (Under 3.5x)
Alabama,South,2012,2012,121659,44419,2.74,5 - Affordable (Under 3.5x)
Alabama,South,2013,2013,128972,46596,2.77,5 - Affordable (Under 3.5x)
Alabama,South,2014,2014,133206,47801,2.79,5 - Affordable (Under 3.5x)
Alabama,South,2015,2015,135095,48614,2.78,5 - Affordable (Under 3.5x)
Alabama,South,2016,2016,139963,50006,2.8,5 - Affordable (Under 3.5x)
Alabama,South,2017,2017,144021,51068,2.82,5 - Affordable (Under 3.5x)
Alabama,South,2018,2018,149763,51993,2.88,5 - Affordable (Under 3.5x)
Alabama,South,2019,2019,158084,52913,2.99,5 - Affordable (Under 3.5x)
Alabama,South,2020,2020,170809,54233,3.15,5 - Affordable (Under 3.5x)
Alabama,South,2021,2021,194233,55295,3.51,4 - Borderline (3.5-4x)
Alabama,South,2022,2022,218555,56487,3.87,4 - Borderline (3.5-4x)
Alabama,South,2023,2023,224284,57450,3.9,4 - Borderline (3.5-4x)
Alabama,South,2024,2024,228289,58518,3.9,4 - Borderline (3.5-4x)
Alaska,West,2000,2000,135233,46709,2.9,5 - Affordable (Under 3.5x)
Alaska,West,2001,2001,155272,48348,3.21,5 - Affordable (Under 3.5x)
Alaska,West,2002,2002,168988,49934,3.38,5 - Affordable (Under 3.5x)
Alaska,West,2003,2003,177428,51633,3.44,5 - Affordable (Under 3.5x)
Alaska,West,2004,2004,191189,53338,3.58,4 - Borderline (3.5-4x)
Alaska,West,2005,2005,208510,55055,3.79,4 - Borderline (3.5-4x)
Alaska,West,2006,2006,226696,56702,4.0,3 - Mod. Unaffordable (4-5x)
Alaska,West,2007,2007,240383,58378,4.12,3 - Mod. Unaffordable (4-5x)
Alaska,West,2008,2008,245469,59862,4.1,3 - Mod. Unaffordable (4-5x)
Alaska,West,2009,2009,245079,59516,4.12,3 - Mod. Unaffordable (4-5x)
Alaska,West,2010,2010,245873,61146,4.02,3 - Mod. Unaffordable (4-5x)
Alaska,West,2011,2011,242860,63635,3.82,4 - Borderline (3.5-4x)
Alaska,West,2012,2012,248438,65178,3.81,4 - Borderline (3.5-4x)
Alaska,West,2013,2013,256462,67912,3.78,4 - Borderline (3.5-4x)
Alaska,West,2014,2014,260724,69585,3.75,4 - Borderline (3.5-4x)
Alaska,West,2015,2015,270764,71612,3.78,4 - Borderline (3.5-4x)
Alaska,West,2016,2016,277448,72871,3.81,4 - Borderline (3.5-4x)
Alaska,West,2017,2017,279668,74571,3.75,4 - Borderline (3.5-4x)
Alaska,West,2018,2018,283844,76742,3.7,4 - Borderline (3.5-4x)
Alaska,West,2019,2019,301079,78284,3.85,4 - Borderline (3.5-4x)
Alaska,West,2020,2020,312052,79693,3.92,4 - Borderline (3.5-4x)
Alaska,West,2021,2021,328181,81506,4.03,3 - Mod. Unaffordable (4-5x)
Alaska,West,2022,2022,350571,83123,4.22,3 - Mod. Unaffordable (4-5x)
Alaska,West,2023,2023,353926,84513,4.19,3 - Mod. Unaffordable (4-5x)
Alaska,West,2024,2024,359522,86516,4.16,3 - Mod. Unaffordable (4-5x)
Arizona,West,2000,2000,138694,39441,3.52,4 - Borderline (3.5-4x)
Arizona,West,2001,2001,146378,40539,3.61,4 - Borderline (3.5-4x)
Arizona,West,2002,2002,153870,42339,3.63,4 - Borderline (3.5-4x)
Arizona,West,2003,2003,162709,43505,3.74,4 - Borderline (3.5-4x)
Arizona,West,2004,2004,177380,44679,3.97,4 - Borderline (3.5-4x)
Arizona,West,2005,2005,228548,46023,4.97,3 - Mod. Unaffordable (4-5x)
Arizona,West,2006,2006,281433,47423,5.93,2 - Unaffordable (5-7x)
Arizona,West,2007,2007,270756,48862,5.54,2 - Unaffordable (5-7x)
Arizona,West,2008,2008,226550,50131,4.52,3 - Mod. Unaffordable (4-5x)
Arizona,West,2009,2009,175220,49840,3.52,4 - Borderline (3.5-4x)
Arizona,West,2010,2010,157836,51536,3.06,5 - Affordable (Under 3.5x)
Arizona,West,2011,2011,139868,53599,2.61,5 - Affordable (Under 3.5x)
Arizona,West,2012,2012,147437,55143,2.67,5 - Affordable (Under 3.5x)
Arizona,West,2013,2013,174901,57314,3.05,5 - Affordable (Under 3.5x)
Arizona,West,2014,2014,192350,58713,3.28,5 - Affordable (Under 3.5x)
Arizona,West,2015,2015,202643,60045,3.37,5 - Affordable (Under 3.5x)
Arizona,West,2016,2016,219546,61666,3.56,4 - Borderline (3.5-4x)
Arizona,West,2017,2017,234501,62814,3.73,4 - Borderline (3.5-4x)
Arizona,West,2018,2018,252413,64352,3.92,4 - Borderline (3.5-4x)
Arizona,West,2019,2019,269612,65694,4.1,3 - Mod. Unaffordable (4-5x)
Arizona,West,2020,2020,295886,67350,4.39,3 - Mod. Unaffordable (4-5x)
Arizona,West,2021,2021,365920,68583,5.34,2 - Unaffordable (5-7x)
Arizona,West,2022,2022,441928,69937,6.32,2 - Unaffordable (5-7x)
Arizona,West,2023,2023,423526,71508,5.92,2 - Unaffordable (5-7x)
Arizona,West,2024,2024,433541,72329,5.99,2 - Unaffordable (5-7x)
Arkansas,South,2000,2000,90039,29831,3.02,5 - Affordable (Under 3.5x)
Arkansas,South,2001,2001,94256,30581,3.08,5 - Affordable (Under 3.5x)
Arkansas,South,2002,2002,97168,32095,3.03,5 - Affordable (Under 3.5x)
Arkansas,South,2003,2003,101402,33419,3.03,5 - Affordable (Under 3.5x)
Arkansas,South,2004,2004,107077,34218,3.13,5 - Affordable (Under 3.5x)
Arkansas,South,2005,2005,115012,35311,3.26,5 - Affordable (Under 3.5x)
Arkansas,South,2006,2006,123028,36226,3.4,5 - Affordable (Under 3.5x)
Arkansas,South,2007,2007,126515,37236,3.4,5 - Affordable (Under 3.5x)
Arkansas,South,2008,2008,126388,38615,3.27,5 - Affordable (Under 3.5x)
Arkansas,South,2009,2009,122437,38071,3.22,5 - Affordable (Under 3.5x)
Arkansas,South,2010,2010,120666,39295,3.07,5 - Affordable (Under 3.5x)
Arkansas,South,2011,2011,117400,40565,2.89,5 - Affordable (Under 3.5x)
Arkansas,South,2012,2012,118785,41905,2.83,5 - Affordable (Under 3.5x)
Arkansas,South,2013,2013,122087,43563,2.8,5 - Affordable (Under 3.5x)
Arkansas,South,2014,2014,124354,45078,2.76,5 - Affordable (Under 3.5x)
Arkansas,South,2015,2015,128180,45970,2.79,5 - Affordable (Under 3.5x)
Arkansas,South,2016,2016,134351,46832,2.87,5 - Affordable (Under 3.5x)
Arkansas,South,2017,2017,138818,47947,2.9,5 - Affordable (Under 3.5x)
Arkansas,South,2018,2018,144020,48842,2.95,5 - Affordable (Under 3.5x)
Arkansas,South,2019,2019,149681,50332,2.97,5 - Affordable (Under 3.5x)
Arkansas,South,2020,2020,158735,51280,3.1,5 - Affordable (Under 3.5x)
Arkansas,South,2021,2021,179155,52372,3.42,5 - Affordable (Under 3.5x)
Arkansas,South,2022,2022,200133,53325,3.75,4 - Borderline (3.5-4x)
Arkansas,South,2023,2023,205065,54560,3.76,4 - Borderline (3.5-4x)
Arkansas,South,2024,2024,211475,55509,3.81,4 - Borderline (3.5-4x)
California,West,2000,2000,197809,49477,4.0,3 - Mod. Unaffordable (4-5x)
California,West,2001,2001,225359,51305,4.39,3 - Mod. Unaffordable (4-5x)
California,West,2002,2002,253291,53355,4.75,3 - Mod. Unaffordable (4-5x)
California,West,2003,2003,294877,54441,5.42,2 - Unaffordable (5-7x)
California,West,2004,2004,357748,56888,6.29,2 - Unaffordable (5-7x)
California,West,2005,2005,435465,58484,7.45,1 - Severely Unaffordable (7x+)
California,West,2006,2006,479835,60044,7.99,1 - Severely Unaffordable (7x+)
California,West,2007,2007,462319,61590,7.51,1 - Severely Unaffordable (7x+)
California,West,2008,2008,381109,63621,5.99,2 - Unaffordable (5-7x)
California,West,2009,2009,308671,63358,4.87,3 - Mod. Unaffordable (4-5x)
California,West,2010,2010,304769,65244,4.67,3 - Mod. Unaffordable (4-5x)
California,West,2011,2011,288166,67500,4.27,3 - Mod. Unaffordable (4-5x)
California,West,2012,2012,283505,69221,4.1,3 - Mod. Unaffordable (4-5x)
California,West,2013,2013,334565,72150,4.64,3 - Mod. Unaffordable (4-5x)
California,West,2014,2014,384373,73872,5.2,2 - Unaffordable (5-7x)
California,West,2015,2015,412642,75809,5.44,2 - Unaffordable (5-7x)
California,West,2016,2016,440247,77578,5.67,2 - Unaffordable (5-7x)
California,West,2017,2017,476482,79265,6.01,2 - Unaffordable (5-7x)
California,West,2018,2018,521936,80980,6.45,2 - Unaffordable (5-7x)
California,West,2019,2019,536968,82583,6.5,2 - Unaffordable (5-7x)
California,West,2020,2020,563401,84330,6.68,2 - Unaffordable (5-7x)
California,West,2021,2021,651426,86437,7.54,1 - Severely Unaffordable (7x+)
California,West,2022,2022,739682,88119,8.39,1 - Severely Unaffordable (7x+)
California,West,2023,2023,730116,89722,8.14,1 - Severely Unaffordable (7x+)
California,West,2024,2024,768022,91460,8.4,1 - Severely Unaffordable (7x+)
Colorado,West,2000,2000,184807,47503,3.89,4 - Borderline (3.5-4x)
Colorado,West,2001,2001,206787,48888,4.23,3 - Mod. Unaffordable (4-5x)
Colorado,West,2002,2002,218387,51142,4.27,3 - Mod. Unaffordable (4-5x)
Colorado,West,2003,2003,222728,52596,4.23,3 - Mod. Unaffordable (4-5x)
Colorado,West,2004,2004,227185,54115,4.2,3 - Mod. Unaffordable (4-5x)
Colorado,West,2005,2005,233429,55746,4.19,3 - Mod. Unaffordable (4-5x)
Colorado,West,2006,2006,238852,57316,4.17,3 - Mod. Unaffordable (4-5x)
Colorado,West,2007,2007,239525,59243,4.04,3 - Mod. Unaffordable (4-5x)
Colorado,West,2008,2008,232391,60599,3.83,4 - Borderline (3.5-4x)
Colorado,West,2009,2009,225182,60355,3.73,4 - Borderline (3.5-4x)
Colorado,West,2010,2010,223304,62241,3.59,4 - Borderline (3.5-4x)
Colorado,West,2011,2011,214716,64370,3.34,5 - Affordable (Under 3.5x)
Colorado,West,2012,2012,218104,65988,3.31,5 - Affordable (Under 3.5x)
Colorado,West,2013,2013,236967,68882,3.44,5 - Affordable (Under 3.5x)
Colorado,West,2014,2014,256192,70966,3.61,4 - Borderline (3.5-4x)
Colorado,West,2015,2015,286713,72569,3.95,4 - Borderline (3.5-4x)
Colorado,West,2016,2016,319493,74135,4.31,3 - Mod. Unaffordable (4-5x)
Colorado,West,2017,2017,348695,75297,4.63,3 - Mod. Unaffordable (4-5x)
Colorado,West,2018,2018,374736,77259,4.85,3 - Mod. Unaffordable (4-5x)
Colorado,West,2019,2019,392783,79087,4.97,3 - Mod. Unaffordable (4-5x)
Colorado,West,2020,2020,414764,80875,5.13,2 - Unaffordable (5-7x)
Colorado,West,2021,2021,479160,82162,5.83,2 - Unaffordable (5-7x)
Colorado,West,2022,2022,550688,84325,6.53,2 - Unaffordable (5-7x)
Colorado,West,2023,2023,540325,86357,6.26,2 - Unaffordable (5-7x)
Colorado,West,2024,2024,546781,87673,6.24,2 - Unaffordable (5-7x)
Connecticut,Northeast,2000,2000,164332,48850,3.36,5 - Affordable (Under 3.5x)
Connecticut,Northeast,2001,2001,178858,50440,3.55,4 - Borderline (3.5-4x)
Connecticut,Northeast,2002,2002,197884,52192,3.79,4 - Borderline (3.5-4x)
Connecticut,Northeast,2003,2003,222200,53571,4.15,3 - Mod. Unaffordable (4-5x)
Connecticut,Northeast,2004,2004,248931,56010,4.44,3 - Mod. Unaffordable (4-5x)
Connecticut,Northeast,2005,2005,280325,57120,4.91,3 - Mod. Unaffordable (4-5x)
Connecticut,Northeast,2006,2006,302199,59096,5.11,2 - Unaffordable (5-7x)
Connecticut,Northeast,2007,2007,301239,60795,4.95,3 - Mod. Unaffordable (4-5x)
Connecticut,Northeast,2008,2008,284584,62268,4.57,3 - Mod. Unaffordable (4-5x)
Connecticut,Northeast,2009,2009,262785,62481,4.21,3 - Mod. Unaffordable (4-5x)
Connecticut,Northeast,2010,2010,252207,64200,3.93,4 - Borderline (3.5-4x)
Connecticut,Northeast,2011,2011,238425,66533,3.58,4 - Borderline (3.5-4x)
Connecticut,Northeast,2012,2012,227164,68088,3.34,5 - Affordable (Under 3.5x)
Connecticut,Northeast,2013,2013,228767,71368,3.21,5 - Affordable (Under 3.5x)
Connecticut,Northeast,2014,2014,233102,72890,3.2,5 - Affordable (Under 3.5x)
Connecticut,Northeast,2015,2015,234483,74730,3.14,5 - Affordable (Under 3.5x)
Connecticut,Northeast,2016,2016,237321,76459,3.1,5 - Affordable (Under 3.5x)
Connecticut,Northeast,2017,2017,242956,78208,3.11,5 - Affordable (Under 3.5x)
Connecticut,Northeast,2018,2018,248582,79676,3.12,5 - Affordable (Under 3.5x)
Connecticut,Northeast,2019,2019,251770,81758,3.08,5 - Affordable (Under 3.5x)
Connecticut,Northeast,2020,2020,263072,83443,3.15,5 - Affordable (Under 3.5x)
Connecticut,Northeast,2021,2021,302357,85003,3.56,4 - Borderline (3.5-4x)
Connecticut,Northeast,2022,2022,336861,86956,3.87,4 - Borderline (3.5-4x)
Connecticut,Northeast,2023,2023,361770,88570,4.08,3 - Mod. Unaffordable (4-5x)
Connecticut,Northeast,2024,2024,395655,90214,4.39,3 - Mod. Unaffordable (4-5x)
Delaware,South,2000,2000,149889,42955,3.49,5 - Affordable (Under 3.5x)
Delaware,South,2001,2001,158906,44241,3.59,4 - Borderline (3.5-4x)
Delaware,South,2002,2002,169954,46078,3.69,4 - Borderline (3.5-4x)
Delaware,South,2003,2003,186067,47414,3.92,4 - Borderline (3.5-4x)
Delaware,South,2004,2004,207998,49105,4.24,3 - Mod. Unaffordable (4-5x)
Delaware,South,2005,2005,240658,50415,4.77,3 - Mod. Unaffordable (4-5x)
Delaware,South,2006,2006,267326,51919,5.15,2 - Unaffordable (5-7x)
Delaware,South,2007,2007,274697,53479,5.14,2 - Unaffordable (5-7x)
Delaware,South,2008,2008,265250,54732,4.85,3 - Mod. Unaffordable (4-5x)
Delaware,South,2009,2009,247291,54564,4.53,3 - Mod. Unaffordable (4-5x)
Delaware,South,2010,2010,239101,55993,4.27,3 - Mod. Unaffordable (4-5x)
Delaware,South,2011,2011,224258,58283,3.85,4 - Borderline (3.5-4x)
Delaware,South,2012,2012,212026,60084,3.53,4 - Borderline (3.5-4x)
Delaware,South,2013,2013,214628,62563,3.43,5 - Affordable (Under 3.5x)
Delaware,South,2014,2014,224103,64557,3.47,5 - Affordable (Under 3.5x)
Delaware,South,2015,2015,233950,65791,3.56,4 - Borderline (3.5-4x)
Delaware,South,2016,2016,244683,67252,3.64,4 - Borderline (3.5-4x)
Delaware,South,2017,2017,254815,68614,3.71,4 - Borderline (3.5-4x)
Delaware,South,2018,2018,261690,70077,3.73,4 - Borderline (3.5-4x)
Delaware,South,2019,2019,269033,71697,3.75,4 - Borderline (3.5-4x)
Delaware,South,2020,2020,278747,73186,3.81,4 - Borderline (3.5-4x)
Delaware,South,2021,2021,319880,74725,4.28,3 - Mod. Unaffordable (4-5x)
Delaware,South,2022,2022,356546,76426,4.67,3 - Mod. Unaffordable (4-5x)
Delaware,South,2023,2023,370633,78002,4.75,3 - Mod. Unaffordable (4-5x)
Delaware,South,2024,2024,383151,79556,4.82,3 - Mod. Unaffordable (4-5x)
District of Columbia,South,2000,2000,166562,54445,3.06,5 - Affordable (Under 3.5x)
District of Columbia,South,2001,2001,181799,56509,3.22,5 - Affordable (Under 3.5x)
District of Columbia,South,2002,2002,208854,58079,3.6,4 - Borderline (3.5-4x)
District of Columbia,South,2003,2003,244952,60203,4.07,3 - Mod. Unaffordable (4-5x)
District of Columbia,South,2004,2004,287545,62392,4.61,3 - Mod. Unaffordable (4-5x)
District of Columbia,South,2005,2005,347664,64112,5.42,2 - Unaffordable (5-7x)
District of Columbia,South,2006,2006,387759,66130,5.86,2 - Unaffordable (5-7x)
District of Columbia,South,2007,2007,388494,67964,5.72,2 - Unaffordable (5-7x)
District of Columbia,South,2008,2008,379876,69902,5.43,2 - Unaffordable (5-7x)
District of Columbia,South,2009,2009,360645,70147,5.14,2 - Unaffordable (5-7x)
District of Columbia,South,2010,2010,360050,71665,5.02,2 - Unaffordable (5-7x)
District of Columbia,South,2011,2011,357732,74462,4.8,3 - Mod. Unaffordable (4-5x)
District of Columbia,South,2012,2012,364098,76019,4.79,3 - Mod. Unaffordable (4-5x)
District of Columbia,South,2013,2013,406780,79933,5.09,2 - Unaffordable (5-7x)
District of Columbia,South,2014,2014,449497,82019,5.48,2 - Unaffordable (5-7x)
District of Columbia,South,2015,2015,475927,83404,5.71,2 - Unaffordable (5-7x)
District of Columbia,South,2016,2016,501049,85721,5.85,2 - Unaffordable (5-7x)
District of Columbia,South,2017,2017,521906,87106,5.99,2 - Unaffordable (5-7x)
District of Columbia,South,2018,2018,549530,89450,6.14,2 - Unaffordable (5-7x)
District of Columbia,South,2019,2019,564978,91713,6.16,2 - Unaffordable (5-7x)
District of Columbia,South,2020,2020,588939,93179,6.32,2 - Unaffordable (5-7x)
District of Columbia,South,2021,2021,623241,95474,6.53,2 - Unaffordable (5-7x)
District of Columbia,South,2022,2022,635134,97635,6.51,2 - Unaffordable (5-7x)
District of Columbia,South,2023,2023,611692,99117,6.17,2 - Unaffordable (5-7x)
District of Columbia,South,2024,2024,599668,100808,5.95,2 - Unaffordable (5-7x)
Florida,South,2000,2000,110371,36185,3.05,5 - Affordable (Under 3.5x)
Florida,South,2001,2001,119460,37070,3.22,5 - Affordable (Under 3.5x)
Florida,South,2002,2002,131660,39085,3.37,5 - Affordable (Under 3.5x)
Florida,South,2003,2003,146901,40273,3.65,4 - Borderline (3.5-4x)
Florida,South,2004,2004,168003,41325,4.07,3 - Mod. Unaffordable (4-5x)
Florida,South,2005,2005,207228,42557,4.87,3 - Mod. Unaffordable (4-5x)
Florida,South,2006,2006,251054,43900,5.72,2 - Unaffordable (5-7x)
Florida,South,2007,2007,244973,45481,5.39,2 - Unaffordable (5-7x)
Florida,South,2008,2008,203974,46435,4.39,3 - Mod. Unaffordable (4-5x)
Florida,South,2009,2009,162076,46521,3.48,5 - Affordable (Under 3.5x)
Florida,South,2010,2010,146402,47743,3.07,5 - Affordable (Under 3.5x)
Florida,South,2011,2011,133014,49296,2.7,5 - Affordable (Under 3.5x)
Florida,South,2012,2012,132086,50534,2.61,5 - Affordable (Under 3.5x)
Florida,South,2013,2013,147776,53222,2.78,5 - Affordable (Under 3.5x)
Florida,South,2014,2014,166205,54132,3.07,5 - Affordable (Under 3.5x)
Florida,South,2015,2015,181100,55674,3.25,5 - Affordable (Under 3.5x)
Florida,South,2016,2016,198285,56517,3.51,4 - Borderline (3.5-4x)
Florida,South,2017,2017,214323,58019,3.69,4 - Borderline (3.5-4x)
Florida,South,2018,2018,230650,59176,3.9,4 - Borderline (3.5-4x)
Florida,South,2019,2019,242677,60519,4.01,3 - Mod. Unaffordable (4-5x)
Florida,South,2020,2020,257028,61662,4.17,3 - Mod. Unaffordable (4-5x)
Florida,South,2021,2021,299433,63195,4.74,3 - Mod. Unaffordable (4-5x)
Florida,South,2022,2022,374164,64492,5.8,2 - Unaffordable (5-7x)
Florida,South,2023,2023,390681,65485,5.97,2 - Unaffordable (5-7x)
Florida,South,2024,2024,397117,66825,5.94,2 - Unaffordable (5-7x)
Georgia,South,2000,2000,129236,39043,3.31,5 - Affordable (Under 3.5x)
Georgia,South,2001,2001,138723,40152,3.46,5 - Affordable (Under 3.5x)
Georgia,South,2002,2002,145469,41052,3.54,4 - Borderline (3.5-4x)
Georgia,South,2003,2003,149978,43288,3.46,5 - Affordable (Under 3.5x)
Georgia,South,2004,2004,154510,44715,3.46,5 - Affordable (Under 3.5x)
Georgia,South,2005,2005,160323,45166,3.55,4 - Borderline (3.5-4x)
Georgia,South,2006,2006,166944,47156,3.54,4 - Borderline (3.5-4x)
Georgia,South,2007,2007,171086,48558,3.52,4 - Borderline (3.5-4x)
Georgia,South,2008,2008,165132,50097,3.3,5 - Affordable (Under 3.5x)
Georgia,South,2009,2009,148544,49512,3.0,5 - Affordable (Under 3.5x)
Georgia,South,2010,2010,138015,50924,2.71,5 - Affordable (Under 3.5x)
Georgia,South,2011,2011,125067,52982,2.36,5 - Affordable (Under 3.5x)
Georgia,South,2012,2012,121598,54237,2.24,5 - Affordable (Under 3.5x)
Georgia,South,2013,2013,131704,56557,2.33,5 - Affordable (Under 3.5x)
Georgia,South,2014,2014,145857,58134,2.51,5 - Affordable (Under 3.5x)
Georgia,South,2015,2015,154987,59447,2.61,5 - Affordable (Under 3.5x)
Georgia,South,2016,2016,165245,60903,2.71,5 - Affordable (Under 3.5x)
Georgia,South,2017,2017,175871,61912,2.84,5 - Affordable (Under 3.5x)
Georgia,South,2018,2018,191067,63450,3.01,5 - Affordable (Under 3.5x)
Georgia,South,2019,2019,205147,64416,3.18,5 - Affordable (Under 3.5x)
Georgia,South,2020,2020,220254,66211,3.33,5 - Affordable (Under 3.5x)
Georgia,South,2021,2021,260238,67247,3.87,4 - Borderline (3.5-4x)
Georgia,South,2022,2022,313411,68843,4.55,3 - Mod. Unaffordable (4-5x)
Georgia,South,2023,2023,323228,70355,4.59,3 - Mod. Unaffordable (4-5x)
Georgia,South,2024,2024,334421,71807,4.66,3 - Mod. Unaffordable (4-5x)
Hawaii,West,2000,2000,196797,51411,3.83,4 - Borderline (3.5-4x)
Hawaii,West,2001,2001,208182,53014,3.93,4 - Borderline (3.5-4x)
Hawaii,West,2002,2002,223904,55024,4.07,3 - Mod. Unaffordable (4-5x)
Hawaii,West,2003,2003,254952,56569,4.51,3 - Mod. Unaffordable (4-5x)
Hawaii,West,2004,2004,309966,58419,5.31,2 - Unaffordable (5-7x)
Hawaii,West,2005,2005,389307,60021,6.49,2 - Unaffordable (5-7x)
Hawaii,West,2006,2006,461501,61782,7.47,1 - Severely Unaffordable (7x+)
Hawaii,West,2007,2007,472407,64018,7.38,1 - Severely Unaffordable (7x+)
Hawaii,West,2008,2008,462640,65846,7.03,1 - Severely Unaffordable (7x+)
Hawaii,West,2009,2009,423143,65717,6.44,2 - Unaffordable (5-7x)
Hawaii,West,2010,2010,414435,67142,6.17,2 - Unaffordable (5-7x)
Hawaii,West,2011,2011,414620,69522,5.96,2 - Unaffordable (5-7x)
Hawaii,West,2012,2012,410723,71448,5.75,2 - Unaffordable (5-7x)
Hawaii,West,2013,2013,437001,74611,5.86,2 - Unaffordable (5-7x)
Hawaii,West,2014,2014,475036,76755,6.19,2 - Unaffordable (5-7x)
Hawaii,West,2015,2015,506023,78137,6.48,2 - Unaffordable (5-7x)
Hawaii,West,2016,2016,535461,80347,6.66,2 - Unaffordable (5-7x)
Hawaii,West,2017,2017,566377,81770,6.93,2 - Unaffordable (5-7x)
Hawaii,West,2018,2018,594779,83532,7.12,1 - Severely Unaffordable (7x+)
Hawaii,West,2019,2019,605525,85292,7.1,1 - Severely Unaffordable (7x+)
Hawaii,West,2020,2020,621826,87831,7.08,1 - Severely Unaffordable (7x+)
Hawaii,West,2021,2021,695969,89309,7.79,1 - Severely Unaffordable (7x+)
Hawaii,West,2022,2022,820544,91010,9.02,1 - Severely Unaffordable (7x+)
Hawaii,West,2023,2023,823654,92963,8.86,1 - Severely Unaffordable (7x+)
Hawaii,West,2024,2024,837724,94517,8.86,1 - Severely Unaffordable (7x+)
Idaho,West,2000,2000,123878,36699,3.38,5 - Affordable (Under 3.5x)
Idaho,West,2001,2001,128445,38488,3.34,5 - Affordable (Under 3.5x)
Idaho,West,2002,2002,132400,39994,3.31,5 - Affordable (Under 3.5x)
Idaho,West,2003,2003,135859,41016,3.31,5 - Affordable (Under 3.5x)
Idaho,West,2004,2004,141795,42175,3.36,5 - Affordable (Under 3.5x)
Idaho,West,2005,2005,156318,43397,3.6,4 - Borderline (3.5-4x)
Idaho,West,2006,2006,189458,44758,4.23,3 - Mod. Unaffordable (4-5x)
Idaho,West,2007,2007,200058,46042,4.34,3 - Mod. Unaffordable (4-5x)
Idaho,West,2008,2008,198753,47191,4.21,3 - Mod. Unaffordable (4-5x)
Idaho,West,2009,2009,177831,47332,3.76,4 - Borderline (3.5-4x)
Idaho,West,2010,2010,161234,48608,3.32,5 - Affordable (Under 3.5x)
Idaho,West,2011,2011,145230,50553,2.87,5 - Affordable (Under 3.5x)
Idaho,West,2012,2012,148629,51451,2.89,5 - Affordable (Under 3.5x)
Idaho,West,2013,2013,164828,54022,3.05,5 - Affordable (Under 3.5x)
Idaho,West,2014,2014,176584,55512,3.18,5 - Affordable (Under 3.5x)
Idaho,West,2015,2015,186581,56510,3.3,5 - Affordable (Under 3.5x)
Idaho,West,2016,2016,202176,57492,3.52,4 - Borderline (3.5-4x)
Idaho,West,2017,2017,220508,59275,3.72,4 - Borderline (3.5-4x)
Idaho,West,2018,2018,245968,60274,4.08,3 - Mod. Unaffordable (4-5x)
Idaho,West,2019,2019,275024,61665,4.46,3 - Mod. Unaffordable (4-5x)
Idaho,West,2020,2020,312581,62903,4.97,3 - Mod. Unaffordable (4-5x)
Idaho,West,2021,2021,416630,64261,6.48,2 - Unaffordable (5-7x)
Idaho,West,2022,2022,476069,65720,7.24,1 - Severely Unaffordable (7x+)
Idaho,West,2023,2023,446736,66937,6.67,2 - Unaffordable (5-7x)
Idaho,West,2024,2024,454696,68687,6.62,2 - Unaffordable (5-7x)
Illinois,Midwest,2000,2000,129340,42460,3.05,5 - Affordable (Under 3.5x)
Illinois,Midwest,2001,2001,139872,43678,3.2,5 - Affordable (Under 3.5x)
Illinois,Midwest,2002,2002,150893,45477,3.32,5 - Affordable (Under 3.5x)
Illinois,Midwest,2003,2003,162355,46606,3.48,5 - Affordable (Under 3.5x)
Illinois,Midwest,2004,2004,175251,48233,3.63,4 - Borderline (3.5-4x)
Illinois,Midwest,2005,2005,190360,49666,3.83,4 - Borderline (3.5-4x)
Illinois,Midwest,2006,2006,203458,51189,3.97,4 - Borderline (3.5-4x)
Illinois,Midwest,2007,2007,206702,52736,3.92,4 - Borderline (3.5-4x)
Illinois,Midwest,2008,2008,195996,54545,3.59,4 - Borderline (3.5-4x)
Illinois,Midwest,2009,2009,174136,54129,3.22,5 - Affordable (Under 3.5x)
Illinois,Midwest,2010,2010,162775,55932,2.91,5 - Affordable (Under 3.5x)
Illinois,Midwest,2011,2011,149041,58001,2.57,5 - Affordable (Under 3.5x)
Illinois,Midwest,2012,2012,140261,59605,2.35,5 - Affordable (Under 3.5x)
Illinois,Midwest,2013,2013,144656,61997,2.33,5 - Affordable (Under 3.5x)
Illinois,Midwest,2014,2014,156073,63446,2.46,5 - Affordable (Under 3.5x)
Illinois,Midwest,2015,2015,162199,64790,2.5,5 - Affordable (Under 3.5x)
Illinois,Midwest,2016,2016,170209,66546,2.56,5 - Affordable (Under 3.5x)
Illinois,Midwest,2017,2017,178079,67899,2.62,5 - Affordable (Under 3.5x)
Illinois,Midwest,2018,2018,185993,69493,2.68,5 - Affordable (Under 3.5x)
Illinois,Midwest,2019,2019,190974,70838,2.7,5 - Affordable (Under 3.5x)
Illinois,Midwest,2020,2020,197540,72359,2.73,5 - Affordable (Under 3.5x)
Illinois,Midwest,2021,2021,218185,74420,2.93,5 - Affordable (Under 3.5x)
Illinois,Midwest,2022,2022,238759,75667,3.16,5 - Affordable (Under 3.5x)
Illinois,Midwest,2023,2023,245951,76998,3.19,5 - Affordable (Under 3.5x)
Illinois,Midwest,2024,2024,261149,78499,3.33,5 - Affordable (Under 3.5x)
Indiana,Midwest,2000,2000,96715,35426,2.73,5 - Affordable (Under 3.5x)
Indiana,Midwest,2001,2001,100171,37064,2.7,5 - Affordable (Under 3.5x)
Indiana,Midwest,2002,2002,101987,38384,2.66,5 - Affordable (Under 3.5x)
Indiana,Midwest,2003,2003,103754,39513,2.63,5 - Affordable (Under 3.5x)
Indiana,Midwest,2004,2004,106657,40433,2.64,5 - Affordable (Under 3.5x)
Indiana,Midwest,2005,2005,112545,41774,2.69,5 - Affordable (Under 3.5x)
Indiana,Midwest,2006,2006,115692,43398,2.67,5 - Affordable (Under 3.5x)
Indiana,Midwest,2007,2007,117596,44274,2.66,5 - Affordable (Under 3.5x)
Indiana,Midwest,2008,2008,117513,45866,2.56,5 - Affordable (Under 3.5x)
Indiana,Midwest,2009,2009,114559,45330,2.53,5 - Affordable (Under 3.5x)
Indiana,Midwest,2010,2010,113276,47178,2.4,5 - Affordable (Under 3.5x)
Indiana,Midwest,2011,2011,110182,48816,2.26,5 - Affordable (Under 3.5x)
Indiana,Midwest,2012,2012,110564,50096,2.21,5 - Affordable (Under 3.5x)
Indiana,Midwest,2013,2013,112971,51902,2.18,5 - Affordable (Under 3.5x)
Indiana,Midwest,2014,2014,116900,52957,2.21,5 - Affordable (Under 3.5x)
Indiana,Midwest,2015,2015,121280,54414,2.23,5 - Affordable (Under 3.5x)
Indiana,Midwest,2016,2016,127087,55872,2.27,5 - Affordable (Under 3.5x)
Indiana,Midwest,2017,2017,134304,57157,2.35,5 - Affordable (Under 3.5x)
Indiana,Midwest,2018,2018,143924,58043,2.48,5 - Affordable (Under 3.5x)
Indiana,Midwest,2019,2019,153848,59698,2.58,5 - Affordable (Under 3.5x)
Indiana,Midwest,2020,2020,165630,60951,2.72,5 - Affordable (Under 3.5x)
Indiana,Midwest,2021,2021,190539,62179,3.06,5 - Affordable (Under 3.5x)
Indiana,Midwest,2022,2022,216156,63273,3.42,5 - Affordable (Under 3.5x)
Indiana,Midwest,2023,2023,225214,64689,3.48,5 - Affordable (Under 3.5x)
Indiana,Midwest,2024,2024,235999,65914,3.58,4 - Borderline (3.5-4x)
Iowa,Midwest,2000,2000,90837,38068,2.39,5 - Affordable (Under 3.5x)
Iowa,Midwest,2001,2001,95094,39487,2.41,5 - Affordable (Under 3.5x)
Iowa,Midwest,2002,2002,99145,40760,2.43,5 - Affordable (Under 3.5x)
Iowa,Midwest,2003,2003,103282,42044,2.46,5 - Affordable (Under 3.5x)
Iowa,Midwest,2004,2004,107578,43902,2.45,5 - Affordable (Under 3.5x)
Iowa,Midwest,2005,2005,112566,44845,2.51,5 - Affordable (Under 3.5x)
Iowa,Midwest,2006,2006,116994,46261,2.53,5 - Affordable (Under 3.5x)
Iowa,Midwest,2007,2007,119621,47560,2.52,5 - Affordable (Under 3.5x)
Iowa,Midwest,2008,2008,120115,48992,2.45,5 - Affordable (Under 3.5x)
Iowa,Midwest,2009,2009,118752,48312,2.46,5 - Affordable (Under 3.5x)
Iowa,Midwest,2010,2010,118304,50206,2.36,5 - Affordable (Under 3.5x)
Iowa,Midwest,2011,2011,115644,51785,2.23,5 - Affordable (Under 3.5x)
Iowa,Midwest,2012,2012,117465,53151,2.21,5 - Affordable (Under 3.5x)
Iowa,Midwest,2013,2013,122601,56055,2.19,5 - Affordable (Under 3.5x)
Iowa,Midwest,2014,2014,127096,56948,2.23,5 - Affordable (Under 3.5x)
Iowa,Midwest,2015,2015,132160,58184,2.27,5 - Affordable (Under 3.5x)
Iowa,Midwest,2016,2016,138514,59952,2.31,5 - Affordable (Under 3.5x)
Iowa,Midwest,2017,2017,142950,61269,2.33,5 - Affordable (Under 3.5x)
Iowa,Midwest,2018,2018,148872,62527,2.38,5 - Affordable (Under 3.5x)
Iowa,Midwest,2019,2019,156303,64074,2.44,5 - Affordable (Under 3.5x)
Iowa,Midwest,2020,2020,163809,65365,2.51,5 - Affordable (Under 3.5x)
Iowa,Midwest,2021,2021,179109,66342,2.7,5 - Affordable (Under 3.5x)
Iowa,Midwest,2022,2022,198128,67933,2.92,5 - Affordable (Under 3.5x)
Iowa,Midwest,2023,2023,205687,69736,2.95,5 - Affordable (Under 3.5x)
Iowa,Midwest,2024,2024,213611,70772,3.02,5 - Affordable (Under 3.5x)
Kansas,Midwest,2000,2000,88814,37573,2.36,5 - Affordable (Under 3.5x)
Kansas,Midwest,2001,2001,94126,39003,2.41,5 - Affordable (Under 3.5x)
Kansas,Midwest,2002,2002,97817,40318,2.43,5 - Affordable (Under 3.5x)
Kansas,Midwest,2003,2003,100227,42127,2.38,5 - Affordable (Under 3.5x)
Kansas,Midwest,2004,2004,104823,43343,2.42,5 - Affordable (Under 3.5x)
Kansas,Midwest,2005,2005,110849,44465,2.49,5 - Affordable (Under 3.5x)
Kansas,Midwest,2006,2006,114078,46021,2.48,5 - Affordable (Under 3.5x)
Kansas,Midwest,2007,2007,117842,46904,2.51,5 - Affordable (Under 3.5x)
Kansas,Midwest,2008,2008,119157,48532,2.46,5 - Affordable (Under 3.5x)
Kansas,Midwest,2009,2009,118600,48194,2.46,5 - Affordable (Under 3.5x)
Kansas,Midwest,2010,2010,118177,49669,2.38,5 - Affordable (Under 3.5x)
Kansas,Midwest,2011,2011,114409,51764,2.21,5 - Affordable (Under 3.5x)
Kansas,Midwest,2012,2012,114492,52714,2.17,5 - Affordable (Under 3.5x)
Kansas,Midwest,2013,2013,117210,55492,2.11,5 - Affordable (Under 3.5x)
Kansas,Midwest,2014,2014,120011,56449,2.13,5 - Affordable (Under 3.5x)
Kansas,Midwest,2015,2015,125646,58336,2.15,5 - Affordable (Under 3.5x)
Kansas,Midwest,2016,2016,131153,59381,2.21,5 - Affordable (Under 3.5x)
Kansas,Midwest,2017,2017,136021,60525,2.25,5 - Affordable (Under 3.5x)
Kansas,Midwest,2018,2018,142683,61834,2.31,5 - Affordable (Under 3.5x)
Kansas,Midwest,2019,2019,149677,63220,2.37,5 - Affordable (Under 3.5x)
Kansas,Midwest,2020,2020,161045,64379,2.5,5 - Affordable (Under 3.5x)
Kansas,Midwest,2021,2021,180922,65791,2.75,5 - Affordable (Under 3.5x)
Kansas,Midwest,2022,2022,203292,67189,3.03,5 - Affordable (Under 3.5x)
Kansas,Midwest,2023,2023,213853,68658,3.11,5 - Affordable (Under 3.5x)
Kansas,Midwest,2024,2024,224645,69786,3.22,5 - Affordable (Under 3.5x)
Kentucky,South,2000,2000,90764,32445,2.8,5 - Affordable (Under 3.5x)
Kentucky,South,2001,2001,95670,33530,2.85,5 - Affordable (Under 3.5x)
Kentucky,South,2002,2002,99106,35090,2.82,5 - Affordable (Under 3.5x)
Kentucky,South,2003,2003,102335,35495,2.88,5 - Affordable (Under 3.5x)
Kentucky,South,2004,2004,105682,37275,2.84,5 - Affordable (Under 3.5x)
Kentucky,South,2005,2005,109969,38413,2.86,5 - Affordable (Under 3.5x)
Kentucky,South,2006,2006,113844,39304,2.9,5 - Affordable (Under 3.5x)
Kentucky,South,2007,2007,115865,40474,2.86,5 - Affordable (Under 3.5x)
Kentucky,South,2008,2008,115693,41691,2.78,5 - Affordable (Under 3.5x)
Kentucky,South,2009,2009,114567,41322,2.77,5 - Affordable (Under 3.5x)
Kentucky,South,2010,2010,113746,42865,2.65,5 - Affordable (Under 3.5x)
Kentucky,South,2011,2011,110454,44050,2.51,5 - Affordable (Under 3.5x)
Kentucky,South,2012,2012,110764,45164,2.45,5 - Affordable (Under 3.5x)
Kentucky,South,2013,2013,112329,47332,2.37,5 - Affordable (Under 3.5x)
Kentucky,South,2014,2014,115572,48806,2.37,5 - Affordable (Under 3.5x)
Kentucky,South,2015,2015,119281,49652,2.4,5 - Affordable (Under 3.5x)
Kentucky,South,2016,2016,125140,51270,2.44,5 - Affordable (Under 3.5x)
Kentucky,South,2017,2017,131611,51824,2.54,5 - Affordable (Under 3.5x)
Kentucky,South,2018,2018,139467,53067,2.63,5 - Affordable (Under 3.5x)
Kentucky,South,2019,2019,147345,54557,2.7,5 - Affordable (Under 3.5x)
Kentucky,South,2020,2020,158193,55446,2.85,5 - Affordable (Under 3.5x)
Kentucky,South,2021,2021,178831,56636,3.16,5 - Affordable (Under 3.5x)
Kentucky,South,2022,2022,198302,57736,3.43,5 - Affordable (Under 3.5x)
Kentucky,South,2023,2023,207669,59128,3.51,4 - Borderline (3.5-4x)
Kentucky,South,2024,2024,217150,60110,3.61,4 - Borderline (3.5-4x)
Louisiana,South,2000,2000,110218,30969,3.56,4 - Borderline (3.5-4x)
Louisiana,South,2001,2001,116183,32372,3.59,4 - Borderline (3.5-4x)
Louisiana,South,2002,2002,121629,33701,3.61,4 - Borderline (3.5-4x)
Louisiana,South,2003,2003,126141,34718,3.63,4 - Borderline (3.5-4x)
Louisiana,South,2004,2004,132264,35360,3.74,4 - Borderline (3.5-4x)
Louisiana,South,2005,2005,139932,36835,3.8,4 - Borderline (3.5-4x)
Louisiana,South,2006,2006,153494,38152,4.02,3 - Mod. Unaffordable (4-5x)
Louisiana,South,2007,2007,161168,38767,4.16,3 - Mod. Unaffordable (4-5x)
Louisiana,South,2008,2008,162669,40031,4.06,3 - Mod. Unaffordable (4-5x)
Louisiana,South,2009,2009,161546,40079,4.03,3 - Mod. Unaffordable (4-5x)
Louisiana,South,2010,2010,161101,41040,3.93,4 - Borderline (3.5-4x)
Louisiana,South,2011,2011,156939,42870,3.66,4 - Borderline (3.5-4x)
Louisiana,South,2012,2012,156822,44069,3.56,4 - Borderline (3.5-4x)
Louisiana,South,2013,2013,161179,45561,3.54,4 - Borderline (3.5-4x)
Louisiana,South,2014,2014,164932,47171,3.5,4 - Borderline (3.5-4x)
Louisiana,South,2015,2015,173443,47761,3.63,4 - Borderline (3.5-4x)
Louisiana,South,2016,2016,179406,49216,3.65,4 - Borderline (3.5-4x)
Louisiana,South,2017,2017,178579,50180,3.56,4 - Borderline (3.5-4x)
Louisiana,South,2018,2018,181119,51254,3.53,4 - Borderline (3.5-4x)
Louisiana,South,2019,2019,187079,52304,3.58,4 - Borderline (3.5-4x)
Louisiana,South,2020,2020,196270,53559,3.66,4 - Borderline (3.5-4x)
Louisiana,South,2021,2021,206341,54706,3.77,4 - Borderline (3.5-4x)
Louisiana,South,2022,2022,217620,55827,3.9,4 - Borderline (3.5-4x)
Louisiana,South,2023,2023,212906,56518,3.77,4 - Borderline (3.5-4x)
Louisiana,South,2024,2024,208238,57753,3.61,4 - Borderline (3.5-4x)
Maine,Northeast,2000,2000,107660,39936,2.7,5 - Affordable (Under 3.5x)
Maine,Northeast,2001,2001,119532,41512,2.88,5 - Affordable (Under 3.5x)
Maine,Northeast,2002,2002,134027,42508,3.15,5 - Affordable (Under 3.5x)
Maine,Northeast,2003,2003,149755,44210,3.39,5 - Affordable (Under 3.5x)
Maine,Northeast,2004,2004,170875,45459,3.76,4 - Borderline (3.5-4x)
Maine,Northeast,2005,2005,191793,46910,4.09,3 - Mod. Unaffordable (4-5x)
Maine,Northeast,2006,2006,199325,48628,4.1,3 - Mod. Unaffordable (4-5x)
Maine,Northeast,2007,2007,199098,49823,4.0,3 - Mod. Unaffordable (4-5x)
Maine,Northeast,2008,2008,194645,51202,3.8,4 - Borderline (3.5-4x)
Maine,Northeast,2009,2009,181887,51252,3.55,4 - Borderline (3.5-4x)
Maine,Northeast,2010,2010,176803,52584,3.36,5 - Affordable (Under 3.5x)
Maine,Northeast,2011,2011,173242,54323,3.19,5 - Affordable (Under 3.5x)
Maine,Northeast,2012,2012,170962,55477,3.08,5 - Affordable (Under 3.5x)
Maine,Northeast,2013,2013,173625,58391,2.97,5 - Affordable (Under 3.5x)
Maine,Northeast,2014,2014,177888,59494,2.99,5 - Affordable (Under 3.5x)
Maine,Northeast,2015,2015,182348,61252,2.98,5 - Affordable (Under 3.5x)
Maine,Northeast,2016,2016,191784,62664,3.06,5 - Affordable (Under 3.5x)
Maine,Northeast,2017,2017,204483,63726,3.21,5 - Affordable (Under 3.5x)
Maine,Northeast,2018,2018,218053,65753,3.32,5 - Affordable (Under 3.5x)
Maine,Northeast,2019,2019,228728,66448,3.44,5 - Affordable (Under 3.5x)
Maine,Northeast,2020,2020,249331,68786,3.62,4 - Borderline (3.5-4x)
Maine,Northeast,2021,2021,301098,69850,4.31,3 - Mod. Unaffordable (4-5x)
Maine,Northeast,2022,2022,346418,70883,4.89,3 - Mod. Unaffordable (4-5x)
Maine,Northeast,2023,2023,367357,72728,5.05,2 - Unaffordable (5-7x)
Maine,Northeast,2024,2024,389152,73840,5.27,2 - Unaffordable (5-7x)
Maryland,South,2000,2000,153352,53456,2.87,5 - Affordable (Under 3.5x)
Maryland,South,2001,2001,162891,55377,2.94,5 - Affordable (Under 3.5x)
Maryland,South,2002,2002,179285,56844,3.15,5 - Affordable (Under 3.5x)
Maryland,South,2003,2003,203735,58807,3.46,5 - Affordable (Under 3.5x)
Maryland,South,2004,2004,238053,60507,3.93,4 - Borderline (3.5-4x)
Maryland,South,2005,2005,289189,62853,4.6,3 - Mod. Unaffordable (4-5x)
Maryland,South,2006,2006,333933,64682,5.16,2 - Unaffordable (5-7x)
Maryland,South,2007,2007,340017,66443,5.12,2 - Unaffordable (5-7x)
Maryland,South,2008,2008,313702,68628,4.57,3 - Mod. Unaffordable (4-5x)
Maryland,South,2009,2009,274923,68306,4.02,3 - Mod. Unaffordable (4-5x)
Maryland,South,2010,2010,259638,69931,3.71,4 - Borderline (3.5-4x)
Maryland,South,2011,2011,244831,72589,3.37,5 - Affordable (Under 3.5x)
Maryland,South,2012,2012,240496,74326,3.24,5 - Affordable (Under 3.5x)
Maryland,South,2013,2013,253186,77806,3.25,5 - Affordable (Under 3.5x)
Maryland,South,2014,2014,266707,79422,3.36,5 - Affordable (Under 3.5x)
Maryland,South,2015,2015,273334,81340,3.36,5 - Affordable (Under 3.5x)
Maryland,South,2016,2016,281297,83548,3.37,5 - Affordable (Under 3.5x)
Maryland,South,2017,2017,291433,85103,3.42,5 - Affordable (Under 3.5x)
Maryland,South,2018,2018,301700,87141,3.46,5 - Affordable (Under 3.5x)
Maryland,South,2019,2019,312139,89078,3.5,4 - Borderline (3.5-4x)
Maryland,South,2020,2020,326902,90830,3.6,4 - Borderline (3.5-4x)
Maryland,South,2021,2021,365331,93173,3.92,4 - Borderline (3.5-4x)
Maryland,South,2022,2022,392781,94719,4.15,3 - Mod. Unaffordable (4-5x)
Maryland,South,2023,2023,401930,96378,4.17,3 - Mod. Unaffordable (4-5x)
Maryland,South,2024,2024,415166,98312,4.22,3 - Mod. Unaffordable (4-5x)
Massachusetts,Northeast,2000,2000,202553,52077,3.89,4 - Borderline (3.5-4x)
Massachusetts,Northeast,2001,2001,233575,53877,4.34,3 - Mod. Unaffordable (4-5x)
Massachusetts,Northeast,2002,2002,266195,55700,4.78,3 - Mod. Unaffordable (4-5x)
Massachusetts,Northeast,2003,2003,302476,57730,5.24,2 - Unaffordable (5-7x)
Massachusetts,Northeast,2004,2004,333236,59449,5.61,2 - Unaffordable (5-7x)
Massachusetts,Northeast,2005,2005,361916,61347,5.9,2 - Unaffordable (5-7x)
Massachusetts,Northeast,2006,2006,363164,63178,5.75,2 - Unaffordable (5-7x)
Massachusetts,Northeast,2007,2007,346564,64973,5.33,2 - Unaffordable (5-7x)
Massachusetts,Northeast,2008,2008,326192,67042,4.87,3 - Mod. Unaffordable (4-5x)
Massachusetts,Northeast,2009,2009,304740,66988,4.55,3 - Mod. Unaffordable (4-5x)
Massachusetts,Northeast,2010,2010,305911,68662,4.46,3 - Mod. Unaffordable (4-5x)
Massachusetts,Northeast,2011,2011,295023,70881,4.16,3 - Mod. Unaffordable (4-5x)
Massachusetts,Northeast,2012,2012,288511,73005,3.95,4 - Borderline (3.5-4x)
Massachusetts,Northeast,2013,2013,304365,75808,4.01,3 - Mod. Unaffordable (4-5x)
Massachusetts,Northeast,2014,2014,322816,77921,4.14,3 - Mod. Unaffordable (4-5x)
Massachusetts,Northeast,2015,2015,338497,79939,4.23,3 - Mod. Unaffordable (4-5x)
Massachusetts,Northeast,2016,2016,360096,81684,4.41,3 - Mod. Unaffordable (4-5x)
Massachusetts,Northeast,2017,2017,384089,83427,4.6,3 - Mod. Unaffordable (4-5x)
Massachusetts,Northeast,2018,2018,408131,85485,4.77,3 - Mod. Unaffordable (4-5x)
Massachusetts,Northeast,2019,2019,419614,87267,4.81,3 - Mod. Unaffordable (4-5x)
Massachusetts,Northeast,2020,2020,441124,89384,4.94,3 - Mod. Unaffordable (4-5x)
Massachusetts,Northeast,2021,2021,502310,91443,5.49,2 - Unaffordable (5-7x)
Massachusetts,Northeast,2022,2022,554118,93102,5.95,2 - Unaffordable (5-7x)
Massachusetts,Northeast,2023,2023,575592,94979,6.06,2 - Unaffordable (5-7x)
Massachusetts,Northeast,2024,2024,616966,96281,6.41,2 - Unaffordable (5-7x)
Michigan,Midwest,2000,2000,116847,36937,3.16,5 - Affordable (Under 3.5x)
Michigan,Midwest,2001,2001,124882,38570,3.24,5 - Affordable (Under 3.5x)
Michigan,Midwest,2002,2002,130785,39570,3.3,5 - Affordable (Under 3.5x)
Michigan,Midwest,2003,2003,135410,40711,3.33,5 - Affordable (Under 3.5x)
Michigan,Midwest,2004,2004,140766,42140,3.34,5 - Affordable (Under 3.5x)
Michigan,Midwest,2005,2005,145028,43563,3.33,5 - Affordable (Under 3.5x)
Michigan,Midwest,2006,2006,146034,44791,3.26,5 - Affordable (Under 3.5x)
Michigan,Midwest,2007,2007,139653,46370,3.01,5 - Affordable (Under 3.5x)
Michigan,Midwest,2008,2008,125942,47192,2.67,5 - Affordable (Under 3.5x)
Michigan,Midwest,2009,2009,107075,46935,2.28,5 - Affordable (Under 3.5x)
Michigan,Midwest,2010,2010,98869,48449,2.04,5 - Affordable (Under 3.5x)
Michigan,Midwest,2011,2011,92949,50455,1.84,5 - Affordable (Under 3.5x)
Michigan,Midwest,2012,2012,94313,51495,1.83,5 - Affordable (Under 3.5x)
Michigan,Midwest,2013,2013,104925,54396,1.93,5 - Affordable (Under 3.5x)
Michigan,Midwest,2014,2014,116670,55503,2.1,5 - Affordable (Under 3.5x)
Michigan,Midwest,2015,2015,124733,56579,2.2,5 - Affordable (Under 3.5x)
Michigan,Midwest,2016,2016,133684,57551,2.32,5 - Affordable (Under 3.5x)
Michigan,Midwest,2017,2017,143750,59349,2.42,5 - Affordable (Under 3.5x)
Michigan,Midwest,2018,2018,154928,60553,2.56,5 - Affordable (Under 3.5x)
Michigan,Midwest,2019,2019,164659,61659,2.67,5 - Affordable (Under 3.5x)
Michigan,Midwest,2020,2020,175245,63214,2.77,5 - Affordable (Under 3.5x)
Michigan,Midwest,2021,2021,201040,64364,3.12,5 - Affordable (Under 3.5x)
Michigan,Midwest,2022,2022,221629,66402,3.34,5 - Affordable (Under 3.5x)
Michigan,Midwest,2023,2023,227291,67104,3.39,5 - Affordable (Under 3.5x)
Michigan,Midwest,2024,2024,238677,68888,3.46,5 - Affordable (Under 3.5x)
Minnesota,Midwest,2000,2000,128450,45178,2.84,5 - Affordable (Under 3.5x)
Minnesota,Midwest,2001,2001,145820,47381,3.08,5 - Affordable (Under 3.5x)
Minnesota,Midwest,2002,2002,161575,48688,3.32,5 - Affordable (Under 3.5x)
Minnesota,Midwest,2003,2003,175772,50627,3.47,5 - Affordable (Under 3.5x)
Minnesota,Midwest,2004,2004,190080,51915,3.66,4 - Borderline (3.5-4x)
Minnesota,Midwest,2005,2005,203569,53285,3.82,4 - Borderline (3.5-4x)
Minnesota,Midwest,2006,2006,210010,54826,3.83,4 - Borderline (3.5-4x)
Minnesota,Midwest,2007,2007,207123,56706,3.65,4 - Borderline (3.5-4x)
Minnesota,Midwest,2008,2008,192875,58462,3.3,5 - Affordable (Under 3.5x)
Minnesota,Midwest,2009,2009,175904,58287,3.02,5 - Affordable (Under 3.5x)
Minnesota,Midwest,2010,2010,170853,59787,2.86,5 - Affordable (Under 3.5x)
Minnesota,Midwest,2011,2011,157084,61921,2.54,5 - Affordable (Under 3.5x)
Minnesota,Midwest,2012,2012,155427,63694,2.44,5 - Affordable (Under 3.5x)
Minnesota,Midwest,2013,2013,170466,66467,2.56,5 - Affordable (Under 3.5x)
Minnesota,Midwest,2014,2014,183333,67785,2.7,5 - Affordable (Under 3.5x)
Minnesota,Midwest,2015,2015,192147,69957,2.75,5 - Affordable (Under 3.5x)
Minnesota,Midwest,2016,2016,204952,71523,2.87,5 - Affordable (Under 3.5x)
Minnesota,Midwest,2017,2017,219225,73141,3.0,5 - Affordable (Under 3.5x)
Minnesota,Midwest,2018,2018,234079,74670,3.13,5 - Affordable (Under 3.5x)
Minnesota,Midwest,2019,2019,246373,76208,3.23,5 - Affordable (Under 3.5x)
Minnesota,Midwest,2020,2020,260305,77625,3.35,5 - Affordable (Under 3.5x)
Minnesota,Midwest,2021,2021,292068,79294,3.68,4 - Borderline (3.5-4x)
Minnesota,Midwest,2022,2022,317914,81080,3.92,4 - Borderline (3.5-4x)
Minnesota,Midwest,2023,2023,320303,82724,3.87,4 - Borderline (3.5-4x)
Minnesota,Midwest,2024,2024,326241,84347,3.87,4 - Borderline (3.5-4x)
Mississippi,South,2000,2000,90316,28771,3.14,5 - Affordable (Under 3.5x)
Mississippi,South,2001,2001,94950,30010,3.16,5 - Affordable (Under 3.5x)
Mississippi,South,2002,2002,97726,30705,3.18,5 - Affordable (Under 3.5x)
Mississippi,South,2003,2003,100693,31830,3.16,5 - Affordable (Under 3.5x)
Mississippi,South,2004,2004,104038,33149,3.14,5 - Affordable (Under 3.5x)
Mississippi,South,2005,2005,109709,33919,3.23,5 - Affordable (Under 3.5x)
Mississippi,South,2006,2006,118610,35099,3.38,5 - Affordable (Under 3.5x)
Mississippi,South,2007,2007,125249,36409,3.44,5 - Affordable (Under 3.5x)
Mississippi,South,2008,2008,124056,37320,3.32,5 - Affordable (Under 3.5x)
Mississippi,South,2009,2009,119949,36923,3.25,5 - Affordable (Under 3.5x)
Mississippi,South,2010,2010,116812,37896,3.08,5 - Affordable (Under 3.5x)
Mississippi,South,2011,2011,114282,39599,2.89,5 - Affordable (Under 3.5x)
Mississippi,South,2012,2012,113744,40231,2.83,5 - Affordable (Under 3.5x)
Mississippi,South,2013,2013,113890,42131,2.7,5 - Affordable (Under 3.5x)
Mississippi,South,2014,2014,117718,43228,2.72,5 - Affordable (Under 3.5x)
Mississippi,South,2015,2015,126913,44420,2.86,5 - Affordable (Under 3.5x)
Mississippi,South,2016,2016,132474,45362,2.92,5 - Affordable (Under 3.5x)
Mississippi,South,2017,2017,134375,46401,2.9,5 - Affordable (Under 3.5x)
Mississippi,South,2018,2018,137568,47185,2.92,5 - Affordable (Under 3.5x)
Mississippi,South,2019,2019,142449,48310,2.95,5 - Affordable (Under 3.5x)
Mississippi,South,2020,2020,149378,49256,3.03,5 - Affordable (Under 3.5x)
Mississippi,South,2021,2021,166693,50603,3.29,5 - Affordable (Under 3.5x)
Mississippi,South,2022,2022,183477,51295,3.58,4 - Borderline (3.5-4x)
Mississippi,South,2023,2023,182279,52776,3.45,5 - Affordable (Under 3.5x)
Mississippi,South,2024,2024,185024,53454,3.46,5 - Affordable (Under 3.5x)
Missouri,Midwest,2000,2000,98852,35626,2.77,5 - Affordable (Under 3.5x)
Missouri,Midwest,2001,2001,105845,37026,2.86,5 - Affordable (Under 3.5x)
Missouri,Midwest,2002,2002,113124,38163,2.96,5 - Affordable (Under 3.5x)
Missouri,Midwest,2003,2003,120245,39318,3.06,5 - Affordable (Under 3.5x)
Missouri,Midwest,2004,2004,126982,40146,3.16,5 - Affordable (Under 3.5x)
Missouri,Midwest,2005,2005,133281,42163,3.16,5 - Affordable (Under 3.5x)
Missouri,Midwest,2006,2006,138970,43164,3.22,5 - Affordable (Under 3.5x)
Missouri,Midwest,2007,2007,141265,44469,3.18,5 - Affordable (Under 3.5x)
Missouri,Midwest,2008,2008,138455,45536,3.04,5 - Affordable (Under 3.5x)
Missouri,Midwest,2009,2009,132964,45632,2.91,5 - Affordable (Under 3.5x)
Missouri,Midwest,2010,2010,130008,46726,2.78,5 - Affordable (Under 3.5x)
Missouri,Midwest,2011,2011,122599,48889,2.51,5 - Affordable (Under 3.5x)
Missouri,Midwest,2012,2012,120666,49926,2.42,5 - Affordable (Under 3.5x)
Missouri,Midwest,2013,2013,123897,51952,2.38,5 - Affordable (Under 3.5x)
Missouri,Midwest,2014,2014,128187,53257,2.41,5 - Affordable (Under 3.5x)
Missouri,Midwest,2015,2015,133486,54408,2.45,5 - Affordable (Under 3.5x)
Missouri,Midwest,2016,2016,140824,55551,2.53,5 - Affordable (Under 3.5x)
Missouri,Midwest,2017,2017,148571,57071,2.6,5 - Affordable (Under 3.5x)
Missouri,Midwest,2018,2018,156955,58689,2.67,5 - Affordable (Under 3.5x)
Missouri,Midwest,2019,2019,164835,59773,2.76,5 - Affordable (Under 3.5x)
Missouri,Midwest,2020,2020,175952,60986,2.89,5 - Affordable (Under 3.5x)
Missouri,Midwest,2021,2021,201945,62096,3.25,5 - Affordable (Under 3.5x)
Missouri,Midwest,2022,2022,227801,63880,3.57,4 - Borderline (3.5-4x)
Missouri,Midwest,2023,2023,236668,64639,3.66,4 - Borderline (3.5-4x)
Missouri,Midwest,2024,2024,246106,65928,3.73,4 - Borderline (3.5-4x)
Montana,West,2005,2005,161436,42604,3.79,4 - Borderline (3.5-4x)
Montana,West,2006,2006,175159,44217,3.96,4 - Borderline (3.5-4x)
Montana,West,2007,2007,186159,45118,4.13,3 - Mod. Unaffordable (4-5x)
Montana,West,2008,2008,190110,46368,4.1,3 - Mod. Unaffordable (4-5x)
Montana,West,2009,2009,186799,46162,4.05,3 - Mod. Unaffordable (4-5x)
Montana,West,2010,2010,181167,47341,3.83,4 - Borderline (3.5-4x)
Montana,West,2011,2011,175354,49537,3.54,4 - Borderline (3.5-4x)
Montana,West,2012,2012,178550,50851,3.51,4 - Borderline (3.5-4x)
Montana,West,2013,2013,188234,53167,3.54,4 - Borderline (3.5-4x)
Montana,West,2014,2014,198655,54153,3.67,4 - Borderline (3.5-4x)
Montana,West,2015,2015,211055,55688,3.79,4 - Borderline (3.5-4x)
Montana,West,2016,2016,222554,56828,3.92,4 - Borderline (3.5-4x)
Montana,West,2017,2017,233016,57724,4.04,3 - Mod. Unaffordable (4-5x)
Montana,West,2018,2018,247047,59361,4.16,3 - Mod. Unaffordable (4-5x)
Montana,West,2019,2019,260266,61012,4.27,3 - Mod. Unaffordable (4-5x)
Montana,West,2020,2020,281485,62032,4.54,3 - Mod. Unaffordable (4-5x)
Montana,West,2021,2021,350654,63511,5.52,2 - Unaffordable (5-7x)
Montana,West,2022,2022,423840,63859,6.64,2 - Unaffordable (5-7x)
Montana,West,2023,2023,425394,65482,6.5,2 - Unaffordable (5-7x)
Montana,West,2024,2024,441816,67045,6.59,2 - Unaffordable (5-7x)
Nebraska,Midwest,2000,2000,115207,40729,2.83,5 - Affordable (Under 3.5x)
Nebraska,Midwest,2001,2001,110250,42015,2.62,5 - Affordable (Under 3.5x)
Nebraska,Midwest,2002,2002,110433,43335,2.55,5 - Affordable (Under 3.5x)
Nebraska,Midwest,2003,2003,115272,44802,2.57,5 - Affordable (Under 3.5x)
Nebraska,Midwest,2004,2004,121279,46140,2.63,5 - Affordable (Under 3.5x)
Nebraska,Midwest,2005,2005,126412,47655,2.65,5 - Affordable (Under 3.5x)
Nebraska,Midwest,2006,2006,130509,49085,2.66,5 - Affordable (Under 3.5x)
Nebraska,Midwest,2007,2007,131889,50131,2.63,5 - Affordable (Under 3.5x)
Nebraska,Midwest,2008,2008,128859,51953,2.48,5 - Affordable (Under 3.5x)
Nebraska,Midwest,2009,2009,127009,51675,2.46,5 - Affordable (Under 3.5x)
Nebraska,Midwest,2010,2010,128606,53262,2.41,5 - Affordable (Under 3.5x)
Nebraska,Midwest,2011,2011,124861,55033,2.27,5 - Affordable (Under 3.5x)
Nebraska,Midwest,2012,2012,125480,56382,2.23,5 - Affordable (Under 3.5x)
Nebraska,Midwest,2013,2013,129988,59067,2.2,5 - Affordable (Under 3.5x)
Nebraska,Midwest,2014,2014,134579,61033,2.21,5 - Affordable (Under 3.5x)
Nebraska,Midwest,2015,2015,140641,61962,2.27,5 - Affordable (Under 3.5x)
Nebraska,Midwest,2016,2016,148775,63345,2.35,5 - Affordable (Under 3.5x)
Nebraska,Midwest,2017,2017,156928,65327,2.4,5 - Affordable (Under 3.5x)
Nebraska,Midwest,2018,2018,166759,66662,2.5,5 - Affordable (Under 3.5x)
Nebraska,Midwest,2019,2019,176009,67987,2.59,5 - Affordable (Under 3.5x)
Nebraska,Midwest,2020,2020,187858,69188,2.72,5 - Affordable (Under 3.5x)
Nebraska,Midwest,2021,2021,212056,70575,3.0,5 - Affordable (Under 3.5x)
Nebraska,Midwest,2022,2022,235535,72196,3.26,5 - Affordable (Under 3.5x)
Nebraska,Midwest,2023,2023,247554,73507,3.37,5 - Affordable (Under 3.5x)
Nebraska,Midwest,2024,2024,257179,74719,3.44,5 - Affordable (Under 3.5x)
Nevada,West,2000,2000,156952,39153,4.01,3 - Mod. Unaffordable (4-5x)
Nevada,West,2001,2001,165785,40734,4.07,3 - Mod. Unaffordable (4-5x)
Nevada,West,2002,2002,176617,41709,4.23,3 - Mod. Unaffordable (4-5x)
Nevada,West,2003,2003,192089,42912,4.48,3 - Mod. Unaffordable (4-5x)
Nevada,West,2004,2004,242668,44463,5.46,2 - Unaffordable (5-7x)
Nevada,West,2005,2005,313184,45623,6.86,2 - Unaffordable (5-7x)
Nevada,West,2006,2006,334508,47215,7.08,1 - Severely Unaffordable (7x+)
Nevada,West,2007,2007,318231,48711,6.53,2 - Unaffordable (5-7x)
Nevada,West,2008,2008,248926,49806,5.0,2 - Unaffordable (5-7x)
Nevada,West,2009,2009,176513,50194,3.52,4 - Borderline (3.5-4x)
Nevada,West,2010,2010,149851,50896,2.94,5 - Affordable (Under 3.5x)
Nevada,West,2011,2011,135301,53309,2.54,5 - Affordable (Under 3.5x)
Nevada,West,2012,2012,132475,54625,2.43,5 - Affordable (Under 3.5x)
Nevada,West,2013,2013,162959,56846,2.87,5 - Affordable (Under 3.5x)
Nevada,West,2014,2014,192807,58445,3.3,5 - Affordable (Under 3.5x)
Nevada,West,2015,2015,209367,59993,3.49,5 - Affordable (Under 3.5x)
Nevada,West,2016,2016,226638,61256,3.7,4 - Borderline (3.5-4x)
Nevada,West,2017,2017,247852,62681,3.95,4 - Borderline (3.5-4x)
Nevada,West,2018,2018,282535,64183,4.4,3 - Mod. Unaffordable (4-5x)
Nevada,West,2019,2019,302736,65000,4.66,3 - Mod. Unaffordable (4-5x)
Nevada,West,2020,2020,314358,66546,4.72,3 - Mod. Unaffordable (4-5x)
Nevada,West,2021,2021,365573,68152,5.36,2 - Unaffordable (5-7x)
Nevada,West,2022,2022,438646,69264,6.33,2 - Unaffordable (5-7x)
Nevada,West,2023,2023,420343,70772,5.94,2 - Unaffordable (5-7x)
Nevada,West,2024,2024,440094,72208,6.09,2 - Unaffordable (5-7x)
New Hampshire,Northeast,2000,2000,136501,50177,2.72,5 - Affordable (Under 3.5x)
New Hampshire,Northeast,2001,2001,156308,51956,3.01,5 - Affordable (Under 3.5x)
New Hampshire,Northeast,2002,2002,177397,53491,3.32,5 - Affordable (Under 3.5x)
New Hampshire,Northeast,2003,2003,201549,55211,3.65,4 - Borderline (3.5-4x)
New Hampshire,Northeast,2004,2004,224623,57154,3.93,4 - Borderline (3.5-4x)
New Hampshire,Northeast,2005,2005,246983,59308,4.16,3 - Mod. Unaffordable (4-5x)
New Hampshire,Northeast,2006,2006,256485,60909,4.21,3 - Mod. Unaffordable (4-5x)
New Hampshire,Northeast,2007,2007,249584,62450,4.0,3 - Mod. Unaffordable (4-5x)
New Hampshire,Northeast,2008,2008,235673,64403,3.66,4 - Borderline (3.5-4x)
New Hampshire,Northeast,2009,2009,218675,64389,3.4,5 - Affordable (Under 3.5x)
New Hampshire,Northeast,2010,2010,212168,65890,3.22,5 - Affordable (Under 3.5x)
New Hampshire,Northeast,2011,2011,205866,68244,3.02,5 - Affordable (Under 3.5x)
New Hampshire,Northeast,2012,2012,201930,69899,2.89,5 - Affordable (Under 3.5x)
New Hampshire,Northeast,2013,2013,207038,73511,2.82,5 - Affordable (Under 3.5x)
New Hampshire,Northeast,2014,2014,214829,74843,2.87,5 - Affordable (Under 3.5x)
New Hampshire,Northeast,2015,2015,223758,76845,2.91,5 - Affordable (Under 3.5x)
New Hampshire,Northeast,2016,2016,234434,78581,2.98,5 - Affordable (Under 3.5x)
New Hampshire,Northeast,2017,2017,249151,80173,3.11,5 - Affordable (Under 3.5x)
New Hampshire,Northeast,2018,2018,265988,82410,3.23,5 - Affordable (Under 3.5x)
New Hampshire,Northeast,2019,2019,277985,84350,3.3,5 - Affordable (Under 3.5x)
New Hampshire,Northeast,2020,2020,299315,85608,3.5,4 - Borderline (3.5-4x)
New Hampshire,Northeast,2021,2021,355333,87563,4.06,3 - Mod. Unaffordable (4-5x)
New Hampshire,Northeast,2022,2022,408332,89368,4.57,3 - Mod. Unaffordable (4-5x)
New Hampshire,Northeast,2023,2023,435117,91288,4.77,3 - Mod. Unaffordable (4-5x)
New Hampshire,Northeast,2024,2024,467903,92536,5.06,2 - Unaffordable (5-7x)
New Jersey,Northeast,2000,2000,172894,55013,3.14,5 - Affordable (Under 3.5x)
New Jersey,Northeast,2001,2001,191301,57099,3.35,5 - Affordable (Under 3.5x)
New Jersey,Northeast,2002,2002,215737,59199,3.64,4 - Borderline (3.5-4x)
New Jersey,Northeast,2003,2003,249541,61091,4.08,3 - Mod. Unaffordable (4-5x)
New Jersey,Northeast,2004,2004,284600,62723,4.54,3 - Mod. Unaffordable (4-5x)
New Jersey,Northeast,2005,2005,327358,64991,5.04,2 - Unaffordable (5-7x)
New Jersey,Northeast,2006,2006,361444,66826,5.41,2 - Unaffordable (5-7x)
New Jersey,Northeast,2007,2007,358647,68513,5.23,2 - Unaffordable (5-7x)
New Jersey,Northeast,2008,2008,337880,70480,4.79,3 - Mod. Unaffordable (4-5x)
New Jersey,Northeast,2009,2009,309932,70326,4.41,3 - Mod. Unaffordable (4-5x)
New Jersey,Northeast,2010,2010,299120,71936,4.16,3 - Mod. Unaffordable (4-5x)
New Jersey,Northeast,2011,2011,280825,75100,3.74,4 - Borderline (3.5-4x)
New Jersey,Northeast,2012,2012,270509,76606,3.53,4 - Borderline (3.5-4x)
New Jersey,Northeast,2013,2013,275882,80471,3.43,5 - Affordable (Under 3.5x)
New Jersey,Northeast,2014,2014,290030,82299,3.52,4 - Borderline (3.5-4x)
New Jersey,Northeast,2015,2015,296625,84458,3.51,4 - Borderline (3.5-4x)
New Jersey,Northeast,2016,2016,306252,85996,3.56,4 - Borderline (3.5-4x)
New Jersey,Northeast,2017,2017,316031,88277,3.58,4 - Borderline (3.5-4x)
New Jersey,Northeast,2018,2018,329595,90451,3.64,4 - Borderline (3.5-4x)
New Jersey,Northeast,2019,2019,342607,92039,3.72,4 - Borderline (3.5-4x)
New Jersey,Northeast,2020,2020,361637,94258,3.84,4 - Borderline (3.5-4x)
New Jersey,Northeast,2021,2021,410688,95969,4.28,3 - Mod. Unaffordable (4-5x)
New Jersey,Northeast,2022,2022,453529,98415,4.61,3 - Mod. Unaffordable (4-5x)
New Jersey,Northeast,2023,2023,479952,99751,4.81,3 - Mod. Unaffordable (4-5x)
New Jersey,Northeast,2024,2024,521912,101562,5.14,2 - Unaffordable (5-7x)
New Mexico,West,2002,2002,133576,33045,4.04,3 - Mod. Unaffordable (4-5x)
New Mexico,West,2003,2003,137090,33976,4.03,3 - Mod. Unaffordable (4-5x)
New Mexico,West,2004,2004,144500,35238,4.1,3 - Mod. Unaffordable (4-5x)
New Mexico,West,2005,2005,155072,36133,4.29,3 - Mod. Unaffordable (4-5x)
New Mexico,West,2006,2006,175881,37463,4.69,3 - Mod. Unaffordable (4-5x)
New Mexico,West,2007,2007,190071,39071,4.86,3 - Mod. Unaffordable (4-5x)
New Mexico,West,2008,2008,188933,39784,4.75,3 - Mod. Unaffordable (4-5x)
New Mexico,West,2009,2009,179463,39430,4.55,3 - Mod. Unaffordable (4-5x)
New Mexico,West,2010,2010,173732,40829,4.26,3 - Mod. Unaffordable (4-5x)
New Mexico,West,2011,2011,164023,41922,3.91,4 - Borderline (3.5-4x)
New Mexico,West,2012,2012,161420,43156,3.74,4 - Borderline (3.5-4x)
New Mexico,West,2013,2013,163183,44989,3.63,4 - Borderline (3.5-4x)
New Mexico,West,2014,2014,165445,46079,3.59,4 - Borderline (3.5-4x)
New Mexico,West,2015,2015,168512,47186,3.57,4 - Borderline (3.5-4x)
New Mexico,West,2016,2016,172715,48627,3.55,4 - Borderline (3.5-4x)
New Mexico,West,2017,2017,177341,49662,3.57,4 - Borderline (3.5-4x)
New Mexico,West,2018,2018,184159,50598,3.64,4 - Borderline (3.5-4x)
New Mexico,West,2019,2019,194098,51549,3.77,4 - Borderline (3.5-4x)
New Mexico,West,2020,2020,209402,52529,3.99,4 - Borderline (3.5-4x)
New Mexico,West,2021,2021,241867,53921,4.49,3 - Mod. Unaffordable (4-5x)
New Mexico,West,2022,2022,276370,55233,5.0,2 - Unaffordable (5-7x)
New Mexico,West,2023,2023,288599,56223,5.13,2 - Unaffordable (5-7x)
New Mexico,West,2024,2024,301176,57363,5.25,2 - Unaffordable (5-7x)
New York,Northeast,2000,2000,155055,42789,3.62,4 - Borderline (3.5-4x)
New York,Northeast,2001,2001,167970,43670,3.85,4 - Borderline (3.5-4x)
New York,Northeast,2002,2002,183471,45419,4.04,3 - Mod. Unaffordable (4-5x)
New York,Northeast,2003,2003,203096,47049,4.32,3 - Mod. Unaffordable (4-5x)
New York,Northeast,2004,2004,225092,48546,4.64,3 - Mod. Unaffordable (4-5x)
New York,Northeast,2005,2005,251221,49983,5.03,2 - Unaffordable (5-7x)
New York,Northeast,2006,2006,273646,51509,5.31,2 - Unaffordable (5-7x)
New York,Northeast,2007,2007,279211,53112,5.26,2 - Unaffordable (5-7x)
New York,Northeast,2008,2008,276307,54579,5.06,2 - Unaffordable (5-7x)
New York,Northeast,2009,2009,262303,54591,4.8,3 - Mod. Unaffordable (4-5x)
New York,Northeast,2010,2010,258252,55762,4.63,3 - Mod. Unaffordable (4-5x)
New York,Northeast,2011,2011,252151,58045,4.34,3 - Mod. Unaffordable (4-5x)
New York,Northeast,2012,2012,249071,59329,4.2,3 - Mod. Unaffordable (4-5x)
New York,Northeast,2013,2013,254591,62185,4.09,3 - Mod. Unaffordable (4-5x)
New York,Northeast,2014,2014,263956,63639,4.15,3 - Mod. Unaffordable (4-5x)
New York,Northeast,2015,2015,272446,64952,4.19,3 - Mod. Unaffordable (4-5x)
New York,Northeast,2016,2016,284749,66721,4.27,3 - Mod. Unaffordable (4-5x)
New York,Northeast,2017,2017,300864,68125,4.42,3 - Mod. Unaffordable (4-5x)
New York,Northeast,2018,2018,320089,69511,4.6,3 - Mod. Unaffordable (4-5x)
New York,Northeast,2019,2019,337016,71028,4.74,3 - Mod. Unaffordable (4-5x)
New York,Northeast,2020,2020,353588,72368,4.89,3 - Mod. Unaffordable (4-5x)
New York,Northeast,2021,2021,391938,74108,5.29,2 - Unaffordable (5-7x)
New York,Northeast,2022,2022,427218,75588,5.65,2 - Unaffordable (5-7x)
New York,Northeast,2023,2023,436144,77010,5.66,2 - Unaffordable (5-7x)
New York,Northeast,2024,2024,464835,78903,5.89,2 - Unaffordable (5-7x)
North Carolina,South,2000,2000,130928,35711,3.67,4 - Borderline (3.5-4x)
North Carolina,South,2001,2001,136191,36946,3.69,4 - Borderline (3.5-4x)
North Carolina,South,2002,2002,139287,38596,3.61,4 - Borderline (3.5-4x)
North Carolina,South,2003,2003,142068,39671,3.58,4 - Borderline (3.5-4x)
North Carolina,South,2004,2004,145886,40757,3.58,4 - Borderline (3.5-4x)
North Carolina,South,2005,2005,151936,41967,3.62,4 - Borderline (3.5-4x)
North Carolina,South,2006,2006,161244,43713,3.69,4 - Borderline (3.5-4x)
North Carolina,South,2007,2007,169588,44632,3.8,4 - Borderline (3.5-4x)
North Carolina,South,2008,2008,171271,45476,3.77,4 - Borderline (3.5-4x)
North Carolina,South,2009,2009,164571,46302,3.55,4 - Borderline (3.5-4x)
North Carolina,South,2010,2010,158965,47003,3.38,5 - Affordable (Under 3.5x)
North Carolina,South,2011,2011,151845,48646,3.12,5 - Affordable (Under 3.5x)
North Carolina,South,2012,2012,148886,49970,2.98,5 - Affordable (Under 3.5x)
North Carolina,South,2013,2013,151532,52046,2.91,5 - Affordable (Under 3.5x)
North Carolina,South,2014,2014,156622,53654,2.92,5 - Affordable (Under 3.5x)
North Carolina,South,2015,2015,162084,54466,2.98,5 - Affordable (Under 3.5x)
North Carolina,South,2016,2016,170661,56443,3.02,5 - Affordable (Under 3.5x)
North Carolina,South,2017,2017,180848,57222,3.16,5 - Affordable (Under 3.5x)
North Carolina,South,2018,2018,193075,58168,3.32,5 - Affordable (Under 3.5x)
North Carolina,South,2019,2019,204918,59747,3.43,5 - Affordable (Under 3.5x)
North Carolina,South,2020,2020,220621,60850,3.63,4 - Borderline (3.5-4x)
North Carolina,South,2021,2021,259789,62208,4.18,3 - Mod. Unaffordable (4-5x)
North Carolina,South,2022,2022,308353,63754,4.84,3 - Mod. Unaffordable (4-5x)
North Carolina,South,2023,2023,319954,64711,4.94,3 - Mod. Unaffordable (4-5x)
North Carolina,South,2024,2024,331175,66208,5.0,2 - Unaffordable (5-7x)
North Dakota,Midwest,2009,2009,160311,52536,3.05,5 - Affordable (Under 3.5x)
North Dakota,Midwest,2010,2010,160728,53879,2.98,5 - Affordable (Under 3.5x)
North Dakota,Midwest,2011,2011,162789,56045,2.9,5 - Affordable (Under 3.5x)
North Dakota,Midwest,2012,2012,169684,57221,2.97,5 - Affordable (Under 3.5x)
North Dakota,Midwest,2013,2013,189906,60024,3.16,5 - Affordable (Under 3.5x)
North Dakota,Midwest,2014,2014,202464,61335,3.3,5 - Affordable (Under 3.5x)
North Dakota,Midwest,2015,2015,218637,62535,3.5,4 - Borderline (3.5-4x)
North Dakota,Midwest,2016,2016,223259,64535,3.46,5 - Affordable (Under 3.5x)
North Dakota,Midwest,2017,2017,219735,65892,3.33,5 - Affordable (Under 3.5x)
North Dakota,Midwest,2018,2018,215855,67366,3.2,5 - Affordable (Under 3.5x)
North Dakota,Midwest,2019,2019,218084,68405,3.19,5 - Affordable (Under 3.5x)
North Dakota,Midwest,2020,2020,225003,69907,3.22,5 - Affordable (Under 3.5x)
North Dakota,Midwest,2021,2021,235611,71599,3.29,5 - Affordable (Under 3.5x)
North Dakota,Midwest,2022,2022,252303,73134,3.45,5 - Affordable (Under 3.5x)
North Dakota,Midwest,2023,2023,254876,74462,3.42,5 - Affordable (Under 3.5x)
North Dakota,Midwest,2024,2024,258110,75874,3.4,5 - Affordable (Under 3.5x)
Ohio,Midwest,2000,2000,104863,36458,2.88,5 - Affordable (Under 3.5x)
Ohio,Midwest,2001,2001,109679,37295,2.94,5 - Affordable (Under 3.5x)
Ohio,Midwest,2002,2002,113448,38788,2.92,5 - Affordable (Under 3.5x)
Ohio,Midwest,2003,2003,117583,40031,2.94,5 - Affordable (Under 3.5x)
Ohio,Midwest,2004,2004,122036,41569,2.94,5 - Affordable (Under 3.5x)
Ohio,Midwest,2005,2005,126028,42424,2.97,5 - Affordable (Under 3.5x)
Ohio,Midwest,2006,2006,128581,43944,2.93,5 - Affordable (Under 3.5x)
Ohio,Midwest,2007,2007,127688,45064,2.83,5 - Affordable (Under 3.5x)
Ohio,Midwest,2008,2008,123818,46674,2.65,5 - Affordable (Under 3.5x)
Ohio,Midwest,2009,2009,117852,46585,2.53,5 - Affordable (Under 3.5x)
Ohio,Midwest,2010,2010,114917,47281,2.43,5 - Affordable (Under 3.5x)
Ohio,Midwest,2011,2011,109509,49171,2.23,5 - Affordable (Under 3.5x)
Ohio,Midwest,2012,2012,107579,50395,2.13,5 - Affordable (Under 3.5x)
Ohio,Midwest,2013,2013,110684,53184,2.08,5 - Affordable (Under 3.5x)
Ohio,Midwest,2014,2014,114513,53926,2.12,5 - Affordable (Under 3.5x)
Ohio,Midwest,2015,2015,119214,55622,2.14,5 - Affordable (Under 3.5x)
Ohio,Midwest,2016,2016,125288,56683,2.21,5 - Affordable (Under 3.5x)
Ohio,Midwest,2017,2017,131416,57998,2.27,5 - Affordable (Under 3.5x)
Ohio,Midwest,2018,2018,139646,59055,2.36,5 - Affordable (Under 3.5x)
Ohio,Midwest,2019,2019,148249,60505,2.45,5 - Affordable (Under 3.5x)
Ohio,Midwest,2020,2020,158821,61824,2.57,5 - Affordable (Under 3.5x)
Ohio,Midwest,2021,2021,181229,63161,2.87,5 - Affordable (Under 3.5x)
Ohio,Midwest,2022,2022,200345,64529,3.1,5 - Affordable (Under 3.5x)
Ohio,Midwest,2023,2023,209396,65244,3.21,5 - Affordable (Under 3.5x)
Ohio,Midwest,2024,2024,222289,66684,3.33,5 - Affordable (Under 3.5x)
Oklahoma,South,2000,2000,84133,32691,2.57,5 - Affordable (Under 3.5x)
Oklahoma,South,2001,2001,88305,33653,2.62,5 - Affordable (Under 3.5x)
Oklahoma,South,2002,2002,91610,34863,2.63,5 - Affordable (Under 3.5x)
Oklahoma,South,2003,2003,94800,35947,2.64,5 - Affordable (Under 3.5x)
Oklahoma,South,2004,2004,98155,36636,2.68,5 - Affordable (Under 3.5x)
Oklahoma,South,2005,2005,102185,38012,2.69,5 - Affordable (Under 3.5x)
Oklahoma,South,2006,2006,106753,39379,2.71,5 - Affordable (Under 3.5x)
Oklahoma,South,2007,2007,110414,40512,2.73,5 - Affordable (Under 3.5x)
Oklahoma,South,2008,2008,111937,41861,2.67,5 - Affordable (Under 3.5x)
Oklahoma,South,2009,2009,111678,41502,2.69,5 - Affordable (Under 3.5x)
Oklahoma,South,2010,2010,112650,42705,2.64,5 - Affordable (Under 3.5x)
Oklahoma,South,2011,2011,109851,44806,2.45,5 - Affordable (Under 3.5x)
Oklahoma,South,2012,2012,109730,45627,2.4,5 - Affordable (Under 3.5x)
Oklahoma,South,2013,2013,112810,47594,2.37,5 - Affordable (Under 3.5x)
Oklahoma,South,2014,2014,116711,48211,2.42,5 - Affordable (Under 3.5x)
Oklahoma,South,2015,2015,121506,49777,2.44,5 - Affordable (Under 3.5x)
Oklahoma,South,2016,2016,125067,51010,2.45,5 - Affordable (Under 3.5x)
Oklahoma,South,2017,2017,128479,51661,2.49,5 - Affordable (Under 3.5x)
Oklahoma,South,2018,2018,133166,53132,2.51,5 - Affordable (Under 3.5x)
Oklahoma,South,2019,2019,138797,53986,2.57,5 - Affordable (Under 3.5x)
Oklahoma,South,2020,2020,148878,55535,2.68,5 - Affordable (Under 3.5x)
Oklahoma,South,2021,2021,169104,56611,2.99,5 - Affordable (Under 3.5x)
Oklahoma,South,2022,2022,192355,57677,3.33,5 - Affordable (Under 3.5x)
Oklahoma,South,2023,2023,200935,59028,3.4,5 - Affordable (Under 3.5x)
Oklahoma,South,2024,2024,207918,60000,3.47,5 - Affordable (Under 3.5x)
Oregon,West,2000,2000,152647,41512,3.68,4 - Borderline (3.5-4x)
Oregon,West,2001,2001,158217,42730,3.7,4 - Borderline (3.5-4x)
Oregon,West,2002,2002,164916,43672,3.78,4 - Borderline (3.5-4x)
Oregon,West,2003,2003,173548,45296,3.83,4 - Borderline (3.5-4x)
Oregon,West,2004,2004,187457,46793,4.01,3 - Mod. Unaffordable (4-5x)
Oregon,West,2005,2005,213869,48655,4.4,3 - Mod. Unaffordable (4-5x)
Oregon,West,2006,2006,254216,50040,5.08,2 - Unaffordable (5-7x)
Oregon,West,2007,2007,272670,51717,5.27,2 - Unaffordable (5-7x)
Oregon,West,2008,2008,262048,53160,4.93,3 - Mod. Unaffordable (4-5x)
Oregon,West,2009,2009,236043,53034,4.45,3 - Mod. Unaffordable (4-5x)
Oregon,West,2010,2010,221970,54529,4.07,3 - Mod. Unaffordable (4-5x)
Oregon,West,2011,2011,203546,56222,3.62,4 - Borderline (3.5-4x)
Oregon,West,2012,2012,198651,58195,3.41,5 - Affordable (Under 3.5x)
Oregon,West,2013,2013,216235,60208,3.59,4 - Borderline (3.5-4x)
Oregon,West,2014,2014,236799,61587,3.84,4 - Borderline (3.5-4x)
Oregon,West,2015,2015,258680,63134,4.1,3 - Mod. Unaffordable (4-5x)
Oregon,West,2016,2016,291388,64706,4.5,3 - Mod. Unaffordable (4-5x)
Oregon,West,2017,2017,319504,66148,4.83,3 - Mod. Unaffordable (4-5x)
Oregon,West,2018,2018,341654,67395,5.07,2 - Unaffordable (5-7x)
Oregon,West,2019,2019,355001,69196,5.13,2 - Unaffordable (5-7x)
Oregon,West,2020,2020,376713,70728,5.33,2 - Unaffordable (5-7x)
Oregon,West,2021,2021,441227,72061,6.12,2 - Unaffordable (5-7x)
Oregon,West,2022,2022,493166,73679,6.69,2 - Unaffordable (5-7x)
Oregon,West,2023,2023,484098,75004,6.45,2 - Unaffordable (5-7x)
Oregon,West,2024,2024,490672,76490,6.41,2 - Unaffordable (5-7x)
Pennsylvania,Northeast,2000,2000,100188,40636,2.47,5 - Affordable (Under 3.5x)
Pennsylvania,Northeast,2001,2001,105618,42472,2.49,5 - Affordable (Under 3.5x)
Pennsylvania,Northeast,2002,2002,112258,43595,2.58,5 - Affordable (Under 3.5x)
Pennsylvania,Northeast,2003,2003,121495,44960,2.7,5 - Affordable (Under 3.5x)
Pennsylvania,Northeast,2004,2004,133192,46746,2.85,5 - Affordable (Under 3.5x)
Pennsylvania,Northeast,2005,2005,148377,48093,3.09,5 - Affordable (Under 3.5x)
Pennsylvania,Northeast,2006,2006,162186,49400,3.28,5 - Affordable (Under 3.5x)
Pennsylvania,Northeast,2007,2007,168155,50765,3.31,5 - Affordable (Under 3.5x)
Pennsylvania,Northeast,2008,2008,167594,52022,3.22,5 - Affordable (Under 3.5x)
Pennsylvania,Northeast,2009,2009,162024,52001,3.12,5 - Affordable (Under 3.5x)
Pennsylvania,Northeast,2010,2010,161381,53389,3.02,5 - Affordable (Under 3.5x)
Pennsylvania,Northeast,2011,2011,154898,55277,2.8,5 - Affordable (Under 3.5x)
Pennsylvania,Northeast,2012,2012,152808,57079,2.68,5 - Affordable (Under 3.5x)
Pennsylvania,Northeast,2013,2013,154216,59569,2.59,5 - Affordable (Under 3.5x)
Pennsylvania,Northeast,2014,2014,156656,60808,2.58,5 - Affordable (Under 3.5x)
Pennsylvania,Northeast,2015,2015,159411,62001,2.57,5 - Affordable (Under 3.5x)
Pennsylvania,Northeast,2016,2016,164363,63706,2.58,5 - Affordable (Under 3.5x)
Pennsylvania,Northeast,2017,2017,170438,65372,2.61,5 - Affordable (Under 3.5x)
Pennsylvania,Northeast,2018,2018,178635,66370,2.69,5 - Affordable (Under 3.5x)
Pennsylvania,Northeast,2019,2019,186178,68225,2.73,5 - Affordable (Under 3.5x)
Pennsylvania,Northeast,2020,2020,198678,69447,2.86,5 - Affordable (Under 3.5x)
Pennsylvania,Northeast,2021,2021,224325,70880,3.16,5 - Affordable (Under 3.5x)
Pennsylvania,Northeast,2022,2022,245049,72098,3.4,5 - Affordable (Under 3.5x)
Pennsylvania,Northeast,2023,2023,253503,74135,3.42,5 - Affordable (Under 3.5x)
Pennsylvania,Northeast,2024,2024,265246,74877,3.54,4 - Borderline (3.5-4x)
Rhode Island,Northeast,2000,2000,135295,43703,3.1,5 - Affordable (Under 3.5x)
Rhode Island,Northeast,2001,2001,149869,45671,3.28,5 - Affordable (Under 3.5x)
Rhode Island,Northeast,2002,2002,174457,46901,3.72,4 - Borderline (3.5-4x)
Rhode Island,Northeast,2003,2003,209967,48376,4.34,3 - Mod. Unaffordable (4-5x)
Rhode Island,Northeast,2004,2004,248152,49910,4.97,3 - Mod. Unaffordable (4-5x)
Rhode Island,Northeast,2005,2005,283053,52001,5.44,2 - Unaffordable (5-7x)
Rhode Island,Northeast,2006,2006,296985,53111,5.59,2 - Unaffordable (5-7x)
Rhode Island,Northeast,2007,2007,284676,54695,5.2,2 - Unaffordable (5-7x)
Rhode Island,Northeast,2008,2008,264609,56726,4.66,3 - Mod. Unaffordable (4-5x)
Rhode Island,Northeast,2009,2009,233236,56455,4.13,3 - Mod. Unaffordable (4-5x)
Rhode Island,Northeast,2010,2010,229443,57605,3.98,4 - Borderline (3.5-4x)
Rhode Island,Northeast,2011,2011,218396,60033,3.64,4 - Borderline (3.5-4x)
Rhode Island,Northeast,2012,2012,208211,61409,3.39,5 - Affordable (Under 3.5x)
Rhode Island,Northeast,2013,2013,213793,64021,3.34,5 - Affordable (Under 3.5x)
Rhode Island,Northeast,2014,2014,222979,65557,3.4,5 - Affordable (Under 3.5x)
Rhode Island,Northeast,2015,2015,230493,67291,3.43,5 - Affordable (Under 3.5x)
Rhode Island,Northeast,2016,2016,244793,68848,3.56,4 - Borderline (3.5-4x)
Rhode Island,Northeast,2017,2017,262687,70513,3.73,4 - Borderline (3.5-4x)
Rhode Island,Northeast,2018,2018,280919,72187,3.89,4 - Borderline (3.5-4x)
Rhode Island,Northeast,2019,2019,291008,73749,3.95,4 - Borderline (3.5-4x)
Rhode Island,Northeast,2020,2020,310113,74964,4.14,3 - Mod. Unaffordable (4-5x)
Rhode Island,Northeast,2021,2021,360208,76434,4.71,3 - Mod. Unaffordable (4-5x)
Rhode Island,Northeast,2022,2022,403728,78065,5.17,2 - Unaffordable (5-7x)
Rhode Island,Northeast,2023,2023,425058,79659,5.34,2 - Unaffordable (5-7x)
Rhode Island,Northeast,2024,2024,458296,81260,5.64,2 - Unaffordable (5-7x)
South Carolina,South,2000,2000,116116,34391,3.38,5 - Affordable (Under 3.5x)
South Carolina,South,2001,2001,121518,35179,3.45,5 - Affordable (Under 3.5x)
South Carolina,South,2002,2002,124958,36715,3.4,5 - Affordable (Under 3.5x)
South Carolina,South,2003,2003,128887,38305,3.36,5 - Affordable (Under 3.5x)
South Carolina,South,2004,2004,134844,39248,3.44,5 - Affordable (Under 3.5x)
South Carolina,South,2005,2005,144751,40725,3.55,4 - Borderline (3.5-4x)
South Carolina,South,2006,2006,157531,41757,3.77,4 - Borderline (3.5-4x)
South Carolina,South,2007,2007,164265,42993,3.82,4 - Borderline (3.5-4x)
South Carolina,South,2008,2008,162358,44179,3.68,4 - Borderline (3.5-4x)
South Carolina,South,2009,2009,153406,43796,3.5,4 - Borderline (3.5-4x)
South Carolina,South,2010,2010,148129,45036,3.29,5 - Affordable (Under 3.5x)
South Carolina,South,2011,2011,140389,46520,3.02,5 - Affordable (Under 3.5x)
South Carolina,South,2012,2012,139288,48392,2.88,5 - Affordable (Under 3.5x)
South Carolina,South,2013,2013,143059,50423,2.84,5 - Affordable (Under 3.5x)
South Carolina,South,2014,2014,148655,51530,2.88,5 - Affordable (Under 3.5x)
South Carolina,South,2015,2015,154605,52690,2.93,5 - Affordable (Under 3.5x)
South Carolina,South,2016,2016,163532,53792,3.04,5 - Affordable (Under 3.5x)
South Carolina,South,2017,2017,171373,54863,3.12,5 - Affordable (Under 3.5x)
South Carolina,South,2018,2018,181361,56537,3.21,5 - Affordable (Under 3.5x)
South Carolina,South,2019,2019,190857,57489,3.32,5 - Affordable (Under 3.5x)
South Carolina,South,2020,2020,203911,58793,3.47,5 - Affordable (Under 3.5x)
South Carolina,South,2021,2021,234711,60087,3.91,4 - Borderline (3.5-4x)
South Carolina,South,2022,2022,277321,61132,4.54,3 - Mod. Unaffordable (4-5x)
South Carolina,South,2023,2023,289604,62033,4.67,3 - Mod. Unaffordable (4-5x)
South Carolina,South,2024,2024,298850,63599,4.7,3 - Mod. Unaffordable (4-5x)
South Dakota,Midwest,2000,2000,105111,36796,2.86,5 - Affordable (Under 3.5x)
South Dakota,Midwest,2001,2001,106761,38793,2.75,5 - Affordable (Under 3.5x)
South Dakota,Midwest,2002,2002,110004,39828,2.76,5 - Affordable (Under 3.5x)
South Dakota,Midwest,2003,2003,114506,41154,2.78,5 - Affordable (Under 3.5x)
South Dakota,Midwest,2004,2004,121176,42295,2.87,5 - Affordable (Under 3.5x)
South Dakota,Midwest,2005,2005,129699,43707,2.97,5 - Affordable (Under 3.5x)
South Dakota,Midwest,2006,2006,136023,44769,3.04,5 - Affordable (Under 3.5x)
South Dakota,Midwest,2007,2007,140333,46330,3.03,5 - Affordable (Under 3.5x)
South Dakota,Midwest,2008,2008,144301,47575,3.03,5 - Affordable (Under 3.5x)
South Dakota,Midwest,2009,2009,144151,47480,3.04,5 - Affordable (Under 3.5x)
South Dakota,Midwest,2010,2010,143120,48689,2.94,5 - Affordable (Under 3.5x)
South Dakota,Midwest,2011,2011,142699,50835,2.81,5 - Affordable (Under 3.5x)
South Dakota,Midwest,2012,2012,148202,52035,2.85,5 - Affordable (Under 3.5x)
South Dakota,Midwest,2013,2013,156905,53819,2.92,5 - Affordable (Under 3.5x)
South Dakota,Midwest,2014,2014,161573,55593,2.91,5 - Affordable (Under 3.5x)
South Dakota,Midwest,2015,2015,168641,56990,2.96,5 - Affordable (Under 3.5x)
South Dakota,Midwest,2016,2016,176697,58105,3.04,5 - Affordable (Under 3.5x)
South Dakota,Midwest,2017,2017,184183,59894,3.08,5 - Affordable (Under 3.5x)
South Dakota,Midwest,2018,2018,192919,60454,3.19,5 - Affordable (Under 3.5x)
South Dakota,Midwest,2019,2019,202496,62072,3.26,5 - Affordable (Under 3.5x)
South Dakota,Midwest,2020,2020,215193,63359,3.4,5 - Affordable (Under 3.5x)
South Dakota,Midwest,2021,2021,244861,64719,3.78,4 - Borderline (3.5-4x)
South Dakota,Midwest,2022,2022,282799,66067,4.28,3 - Mod. Unaffordable (4-5x)
South Dakota,Midwest,2023,2023,291022,67075,4.34,3 - Mod. Unaffordable (4-5x)
South Dakota,Midwest,2024,2024,297749,68909,4.32,3 - Mod. Unaffordable (4-5x)
Tennessee,South,2000,2000,113067,34877,3.24,5 - Affordable (Under 3.5x)
Tennessee,South,2001,2001,117019,36255,3.23,5 - Affordable (Under 3.5x)
Tennessee,South,2002,2002,119986,37247,3.22,5 - Affordable (Under 3.5x)
Tennessee,South,2003,2003,123067,38373,3.21,5 - Affordable (Under 3.5x)
Tennessee,South,2004,2004,127472,39961,3.19,5 - Affordable (Under 3.5x)
Tennessee,South,2005,2005,134840,41180,3.27,5 - Affordable (Under 3.5x)
Tennessee,South,2006,2006,144195,42279,3.41,5 - Affordable (Under 3.5x)
Tennessee,South,2007,2007,150748,43699,3.45,5 - Affordable (Under 3.5x)
Tennessee,South,2008,2008,149207,45222,3.3,5 - Affordable (Under 3.5x)
Tennessee,South,2009,2009,143484,44988,3.19,5 - Affordable (Under 3.5x)
Tennessee,South,2010,2010,140491,45924,3.06,5 - Affordable (Under 3.5x)
Tennessee,South,2011,2011,135807,47877,2.84,5 - Affordable (Under 3.5x)
Tennessee,South,2012,2012,135326,48729,2.78,5 - Affordable (Under 3.5x)
Tennessee,South,2013,2013,138843,50991,2.72,5 - Affordable (Under 3.5x)
Tennessee,South,2014,2014,144993,53016,2.73,5 - Affordable (Under 3.5x)
Tennessee,South,2015,2015,152523,53754,2.84,5 - Affordable (Under 3.5x)
Tennessee,South,2016,2016,163304,54986,2.97,5 - Affordable (Under 3.5x)
Tennessee,South,2017,2017,175651,56112,3.13,5 - Affordable (Under 3.5x)
Tennessee,South,2018,2018,188504,57240,3.29,5 - Affordable (Under 3.5x)
Tennessee,South,2019,2019,201697,58525,3.45,5 - Affordable (Under 3.5x)
Tennessee,South,2020,2020,218816,59693,3.67,4 - Borderline (3.5-4x)
Tennessee,South,2021,2021,254963,61116,4.17,3 - Mod. Unaffordable (4-5x)
Tennessee,South,2022,2022,303684,62180,4.88,3 - Mod. Unaffordable (4-5x)
Tennessee,South,2023,2023,313547,63644,4.93,3 - Mod. Unaffordable (4-5x)
Tennessee,South,2024,2024,324905,65356,4.97,3 - Mod. Unaffordable (4-5x)
Texas,South,2000,2000,113588,39630,2.87,5 - Affordable (Under 3.5x)
Texas,South,2001,2001,115164,40927,2.81,5 - Affordable (Under 3.5x)
Texas,South,2002,2002,117716,42396,2.78,5 - Affordable (Under 3.5x)
Texas,South,2003,2003,121319,43215,2.81,5 - Affordable (Under 3.5x)
Texas,South,2004,2004,127871,45194,2.83,5 - Affordable (Under 3.5x)
Texas,South,2005,2005,134157,46454,2.89,5 - Affordable (Under 3.5x)
Texas,South,2006,2006,138734,48071,2.89,5 - Affordable (Under 3.5x)
Texas,South,2007,2007,144215,49171,2.93,5 - Affordable (Under 3.5x)
Texas,South,2008,2008,144241,50418,2.86,5 - Affordable (Under 3.5x)
Texas,South,2009,2009,140772,50512,2.79,5 - Affordable (Under 3.5x)
Texas,South,2010,2010,140111,51851,2.7,5 - Affordable (Under 3.5x)
Texas,South,2011,2011,135743,53901,2.52,5 - Affordable (Under 3.5x)
Texas,South,2012,2012,136176,55196,2.47,5 - Affordable (Under 3.5x)
Texas,South,2013,2013,143151,57501,2.49,5 - Affordable (Under 3.5x)
Texas,South,2014,2014,154499,58850,2.63,5 - Affordable (Under 3.5x)
Texas,South,2015,2015,167333,60324,2.77,5 - Affordable (Under 3.5x)
Texas,South,2016,2016,180164,61935,2.91,5 - Affordable (Under 3.5x)
Texas,South,2017,2017,191991,63376,3.03,5 - Affordable (Under 3.5x)
Texas,South,2018,2018,203951,64706,3.15,5 - Affordable (Under 3.5x)
Texas,South,2019,2019,213239,65937,3.23,5 - Affordable (Under 3.5x)
Texas,South,2020,2020,224605,67770,3.31,5 - Affordable (Under 3.5x)
Texas,South,2021,2021,257462,69163,3.72,4 - Borderline (3.5-4x)
Texas,South,2022,2022,303346,70080,4.33,3 - Mod. Unaffordable (4-5x)
Texas,South,2023,2023,305658,71777,4.26,3 - Mod. Unaffordable (4-5x)
Texas,South,2024,2024,306121,72942,4.2,3 - Mod. Unaffordable (4-5x)
Utah,West,2000,2000,171363,47576,3.6,4 - Borderline (3.5-4x)
Utah,West,2001,2001,176766,48924,3.61,4 - Borderline (3.5-4x)
Utah,West,2002,2002,177881,50472,3.52,4 - Borderline (3.5-4x)
Utah,West,2003,2003,177717,52514,3.38,5 - Affordable (Under 3.5x)
Utah,West,2004,2004,180188,53930,3.34,5 - Affordable (Under 3.5x)
Utah,West,2005,2005,184380,55554,3.32,5 - Affordable (Under 3.5x)
Utah,West,2006,2006,203521,57797,3.52,4 - Borderline (3.5-4x)
Utah,West,2007,2007,235402,59361,3.97,4 - Borderline (3.5-4x)
Utah,West,2008,2008,239703,61029,3.93,4 - Borderline (3.5-4x)
Utah,West,2009,2009,217137,60633,3.58,4 - Borderline (3.5-4x)
Utah,West,2010,2010,203564,62243,3.27,5 - Affordable (Under 3.5x)
Utah,West,2011,2011,188130,64512,2.92,5 - Affordable (Under 3.5x)
Utah,West,2012,2012,189838,65971,2.88,5 - Affordable (Under 3.5x)
Utah,West,2013,2013,210132,68884,3.05,5 - Affordable (Under 3.5x)
Utah,West,2014,2014,223917,70530,3.17,5 - Affordable (Under 3.5x)
Utah,West,2015,2015,237770,72532,3.28,5 - Affordable (Under 3.5x)
Utah,West,2016,2016,260219,74268,3.5,4 - Borderline (3.5-4x)
Utah,West,2017,2017,282688,75610,3.74,4 - Borderline (3.5-4x)
Utah,West,2018,2018,309299,77847,3.97,4 - Borderline (3.5-4x)
Utah,West,2019,2019,333334,79360,4.2,3 - Mod. Unaffordable (4-5x)
Utah,West,2020,2020,363124,81142,4.48,3 - Mod. Unaffordable (4-5x)
Utah,West,2021,2021,445999,82702,5.39,2 - Unaffordable (5-7x)
Utah,West,2022,2022,522488,84512,6.18,2 - Unaffordable (5-7x)
Utah,West,2023,2023,505704,85935,5.88,2 - Unaffordable (5-7x)
Utah,West,2024,2024,513182,87829,5.84,2 - Unaffordable (5-7x)
Vermont,Northeast,2000,2000,115673,41869,2.76,5 - Affordable (Under 3.5x)
Vermont,Northeast,2001,2001,125160,43799,2.86,5 - Affordable (Under 3.5x)
Vermont,Northeast,2002,2002,136171,44922,3.03,5 - Affordable (Under 3.5x)
Vermont,Northeast,2003,2003,147412,46553,3.17,5 - Affordable (Under 3.5x)
Vermont,Northeast,2004,2004,164381,48215,3.41,5 - Affordable (Under 3.5x)
Vermont,Northeast,2005,2005,184816,49643,3.72,4 - Borderline (3.5-4x)
Vermont,Northeast,2006,2006,203213,51104,3.98,4 - Borderline (3.5-4x)
Vermont,Northeast,2007,2007,213204,52880,4.03,3 - Mod. Unaffordable (4-5x)
Vermont,Northeast,2008,2008,214697,54029,3.97,4 - Borderline (3.5-4x)
Vermont,Northeast,2009,2009,209887,53711,3.91,4 - Borderline (3.5-4x)
Vermont,Northeast,2010,2010,207123,55418,3.74,4 - Borderline (3.5-4x)
Vermont,Northeast,2011,2011,207275,57225,3.62,4 - Borderline (3.5-4x)
Vermont,Northeast,2012,2012,210476,58670,3.59,4 - Borderline (3.5-4x)
Vermont,Northeast,2013,2013,216884,61513,3.53,4 - Borderline (3.5-4x)
Vermont,Northeast,2014,2014,220723,62866,3.51,4 - Borderline (3.5-4x)
Vermont,Northeast,2015,2015,225874,64468,3.5,4 - Borderline (3.5-4x)
Vermont,Northeast,2016,2016,229035,65668,3.49,5 - Affordable (Under 3.5x)
Vermont,Northeast,2017,2017,239277,67538,3.54,4 - Borderline (3.5-4x)
Vermont,Northeast,2018,2018,249711,68678,3.64,4 - Borderline (3.5-4x)
Vermont,Northeast,2019,2019,256152,70453,3.64,4 - Borderline (3.5-4x)
Vermont,Northeast,2020,2020,270560,72027,3.76,4 - Borderline (3.5-4x)
Vermont,Northeast,2021,2021,312603,73736,4.24,3 - Mod. Unaffordable (4-5x)
Vermont,Northeast,2022,2022,354476,74781,4.74,3 - Mod. Unaffordable (4-5x)
Vermont,Northeast,2023,2023,372945,76440,4.88,3 - Mod. Unaffordable (4-5x)
Vermont,Northeast,2024,2024,384630,77761,4.95,3 - Mod. Unaffordable (4-5x)
Virginia,South,2000,2000,126981,48334,2.63,5 - Affordable (Under 3.5x)
Virginia,South,2001,2001,137511,50700,2.71,5 - Affordable (Under 3.5x)
Virginia,South,2002,2002,150636,51998,2.9,5 - Affordable (Under 3.5x)
Virginia,South,2003,2003,166995,53783,3.11,5 - Affordable (Under 3.5x)
Virginia,South,2004,2004,193628,55468,3.49,5 - Affordable (Under 3.5x)
Virginia,South,2005,2005,234814,56914,4.13,3 - Mod. Unaffordable (4-5x)
Virginia,South,2006,2006,263765,58844,4.48,3 - Mod. Unaffordable (4-5x)
Virginia,South,2007,2007,263119,60612,4.34,3 - Mod. Unaffordable (4-5x)
Virginia,South,2008,2008,245124,62503,3.92,4 - Borderline (3.5-4x)
Virginia,South,2009,2009,225569,62333,3.62,4 - Borderline (3.5-4x)
Virginia,South,2010,2010,221132,63586,3.48,5 - Affordable (Under 3.5x)
Virginia,South,2011,2011,213924,66052,3.24,5 - Affordable (Under 3.5x)
Virginia,South,2012,2012,215171,67891,3.17,5 - Affordable (Under 3.5x)
Virginia,South,2013,2013,225355,71006,3.17,5 - Affordable (Under 3.5x)
Virginia,South,2014,2014,232649,72595,3.2,5 - Affordable (Under 3.5x)
Virginia,South,2015,2015,237889,74721,3.18,5 - Affordable (Under 3.5x)
Virginia,South,2016,2016,244784,76170,3.21,5 - Affordable (Under 3.5x)
Virginia,South,2017,2017,253399,77882,3.25,5 - Affordable (Under 3.5x)
Virginia,South,2018,2018,262817,79548,3.3,5 - Affordable (Under 3.5x)
Virginia,South,2019,2019,272592,81281,3.35,5 - Affordable (Under 3.5x)
Virginia,South,2020,2020,288236,83326,3.46,5 - Affordable (Under 3.5x)
Virginia,South,2021,2021,324018,84673,3.83,4 - Borderline (3.5-4x)
Virginia,South,2022,2022,356507,86626,4.12,3 - Mod. Unaffordable (4-5x)
Virginia,South,2023,2023,370711,87968,4.21,3 - Mod. Unaffordable (4-5x)
Virginia,South,2024,2024,389812,89883,4.34,3 - Mod. Unaffordable (4-5x)
Washington,West,2000,2000,177146,51603,3.43,5 - Affordable (Under 3.5x)
Washington,West,2001,2001,186273,53287,3.5,4 - Borderline (3.5-4x)
Washington,West,2002,2002,194388,55054,3.53,4 - Borderline (3.5-4x)
Washington,West,2003,2003,203639,57178,3.56,4 - Borderline (3.5-4x)
Washington,West,2004,2004,221384,58825,3.76,4 - Borderline (3.5-4x)
Washington,West,2005,2005,253682,60860,4.17,3 - Mod. Unaffordable (4-5x)
Washington,West,2006,2006,297094,62364,4.76,3 - Mod. Unaffordable (4-5x)
Washington,West,2007,2007,318617,64489,4.94,3 - Mod. Unaffordable (4-5x)
Washington,West,2008,2008,305006,66075,4.62,3 - Mod. Unaffordable (4-5x)
Washington,West,2009,2009,272887,65540,4.16,3 - Mod. Unaffordable (4-5x)
Washington,West,2010,2010,257270,67514,3.81,4 - Borderline (3.5-4x)
Washington,West,2011,2011,234096,70016,3.34,5 - Affordable (Under 3.5x)
Washington,West,2012,2012,220644,71501,3.09,5 - Affordable (Under 3.5x)
Washington,West,2013,2013,235751,75078,3.14,5 - Affordable (Under 3.5x)
Washington,West,2014,2014,254039,76641,3.31,5 - Affordable (Under 3.5x)
Washington,West,2015,2015,274266,78798,3.48,5 - Affordable (Under 3.5x)
Washington,West,2016,2016,304863,80830,3.77,4 - Borderline (3.5-4x)
Washington,West,2017,2017,338311,82476,4.1,3 - Mod. Unaffordable (4-5x)
Washington,West,2018,2018,373510,84139,4.44,3 - Mod. Unaffordable (4-5x)
Washington,West,2019,2019,392984,85973,4.57,3 - Mod. Unaffordable (4-5x)
Washington,West,2020,2020,427199,88016,4.85,3 - Mod. Unaffordable (4-5x)
Washington,West,2021,2021,507802,89819,5.65,2 - Unaffordable (5-7x)
Washington,West,2022,2022,577960,91605,6.31,2 - Unaffordable (5-7x)
Washington,West,2023,2023,564492,93434,6.04,2 - Unaffordable (5-7x)
Washington,West,2024,2024,583739,95534,6.11,2 - Unaffordable (5-7x)
West Virginia,South,2000,2000,73137,28456,2.57,5 - Affordable (Under 3.5x)
West Virginia,South,2001,2001,77290,29022,2.66,5 - Affordable (Under 3.5x)
West Virginia,South,2002,2002,80010,30159,2.65,5 - Affordable (Under 3.5x)
West Virginia,South,2003,2003,83418,31447,2.65,5 - Affordable (Under 3.5x)
West Virginia,South,2004,2004,88671,31943,2.78,5 - Affordable (Under 3.5x)
West Virginia,South,2005,2005,95865,33225,2.89,5 - Affordable (Under 3.5x)
West Virginia,South,2006,2006,100536,34180,2.94,5 - Affordable (Under 3.5x)
West Virginia,South,2007,2007,103123,35486,2.91,5 - Affordable (Under 3.5x)
West Virginia,South,2008,2008,104238,36144,2.88,5 - Affordable (Under 3.5x)
West Virginia,South,2009,2009,101757,36229,2.81,5 - Affordable (Under 3.5x)
West Virginia,South,2010,2010,99711,37126,2.69,5 - Affordable (Under 3.5x)
West Virginia,South,2011,2011,98488,38712,2.54,5 - Affordable (Under 3.5x)
West Virginia,South,2012,2012,100018,39576,2.53,5 - Affordable (Under 3.5x)
West Virginia,South,2013,2013,101061,41923,2.41,5 - Affordable (Under 3.5x)
West Virginia,South,2014,2014,100466,42327,2.37,5 - Affordable (Under 3.5x)
West Virginia,South,2015,2015,106591,43524,2.45,5 - Affordable (Under 3.5x)
West Virginia,South,2016,2016,109431,44398,2.46,5 - Affordable (Under 3.5x)
West Virginia,South,2017,2017,110360,45420,2.43,5 - Affordable (Under 3.5x)
West Virginia,South,2018,2018,114109,46177,2.47,5 - Affordable (Under 3.5x)
West Virginia,South,2019,2019,116714,47942,2.43,5 - Affordable (Under 3.5x)
West Virginia,South,2020,2020,121878,48030,2.54,5 - Affordable (Under 3.5x)
West Virginia,South,2021,2021,138336,49643,2.79,5 - Affordable (Under 3.5x)
West Virginia,South,2022,2022,150295,50372,2.98,5 - Affordable (Under 3.5x)
West Virginia,South,2023,2023,154564,51464,3.0,5 - Affordable (Under 3.5x)
West Virginia,South,2024,2024,162624,52717,3.08,5 - Affordable (Under 3.5x)
Wisconsin,Midwest,2000,2000,119560,40066,2.98,5 - Affordable (Under 3.5x)
Wisconsin,Midwest,2001,2001,126358,41187,3.07,5 - Affordable (Under 3.5x)
Wisconsin,Midwest,2002,2002,133572,42495,3.14,5 - Affordable (Under 3.5x)
Wisconsin,Midwest,2003,2003,141959,44309,3.2,5 - Affordable (Under 3.5x)
Wisconsin,Midwest,2004,2004,153898,45830,3.36,5 - Affordable (Under 3.5x)
Wisconsin,Midwest,2005,2005,165873,46839,3.54,4 - Borderline (3.5-4x)
Wisconsin,Midwest,2006,2006,173308,48220,3.59,4 - Borderline (3.5-4x)
Wisconsin,Midwest,2007,2007,175405,49717,3.53,4 - Borderline (3.5-4x)
Wisconsin,Midwest,2008,2008,171904,51095,3.36,5 - Affordable (Under 3.5x)
Wisconsin,Midwest,2009,2009,162751,51217,3.18,5 - Affordable (Under 3.5x)
Wisconsin,Midwest,2010,2010,158834,52634,3.02,5 - Affordable (Under 3.5x)
Wisconsin,Midwest,2011,2011,148497,54212,2.74,5 - Affordable (Under 3.5x)
Wisconsin,Midwest,2012,2012,145401,55480,2.62,5 - Affordable (Under 3.5x)
Wisconsin,Midwest,2013,2013,149389,58043,2.57,5 - Affordable (Under 3.5x)
Wisconsin,Midwest,2014,2014,154911,59466,2.6,5 - Affordable (Under 3.5x)
Wisconsin,Midwest,2015,2015,159670,61397,2.6,5 - Affordable (Under 3.5x)
Wisconsin,Midwest,2016,2016,167756,62787,2.67,5 - Affordable (Under 3.5x)
Wisconsin,Midwest,2017,2017,177503,64020,2.77,5 - Affordable (Under 3.5x)
Wisconsin,Midwest,2018,2018,188773,64977,2.91,5 - Affordable (Under 3.5x)
Wisconsin,Midwest,2019,2019,200642,66577,3.01,5 - Affordable (Under 3.5x)
Wisconsin,Midwest,2020,2020,214272,67920,3.15,5 - Affordable (Under 3.5x)
Wisconsin,Midwest,2021,2021,242215,69518,3.48,5 - Affordable (Under 3.5x)
Wisconsin,Midwest,2022,2022,265958,70775,3.76,4 - Borderline (3.5-4x)
Wisconsin,Midwest,2023,2023,282214,72260,3.91,4 - Borderline (3.5-4x)
Wisconsin,Midwest,2024,2024,297036,73677,4.03,3 - Mod. Unaffordable (4-5x)
Wyoming,West,2002,2002,139739,45150,3.1,5 - Affordable (Under 3.5x)
Wyoming,West,2003,2003,144091,46385,3.11,5 - Affordable (Under 3.5x)
Wyoming,West,2004,2004,153846,48033,3.2,5 - Affordable (Under 3.5x)
Wyoming,West,2005,2005,167033,49582,3.37,5 - Affordable (Under 3.5x)
Wyoming,West,2006,2006,182404,50794,3.59,4 - Borderline (3.5-4x)
Wyoming,West,2007,2007,196986,52787,3.73,4 - Borderline (3.5-4x)
Wyoming,West,2008,2008,200926,54014,3.72,4 - Borderline (3.5-4x)
Wyoming,West,2009,2009,197580,53650,3.68,4 - Borderline (3.5-4x)
Wyoming,West,2010,2010,194469,55170,3.52,4 - Borderline (3.5-4x)
Wyoming,West,2011,2011,192647,57244,3.37,5 - Affordable (Under 3.5x)
Wyoming,West,2012,2012,198119,58652,3.38,5 - Affordable (Under 3.5x)
Wyoming,West,2013,2013,206001,61310,3.36,5 - Affordable (Under 3.5x)
Wyoming,West,2014,2014,209352,62994,3.32,5 - Affordable (Under 3.5x)
Wyoming,West,2015,2015,220823,64164,3.44,5 - Affordable (Under 3.5x)
Wyoming,West,2016,2016,227690,65785,3.46,5 - Affordable (Under 3.5x)
Wyoming,West,2017,2017,228522,67759,3.37,5 - Affordable (Under 3.5x)
Wyoming,West,2018,2018,232236,68788,3.38,5 - Affordable (Under 3.5x)
Wyoming,West,2019,2019,242692,70645,3.44,5 - Affordable (Under 3.5x)
Wyoming,West,2020,2020,258274,71935,3.59,4 - Borderline (3.5-4x)
Wyoming,West,2021,2021,284298,73901,3.85,4 - Borderline (3.5-4x)
Wyoming,West,2022,2022,314761,74820,4.21,3 - Mod. Unaffordable (4-5x)
Wyoming,West,2023,2023,326454,76489,4.27,3 - Mod. Unaffordable (4-5x)
Wyoming,West,2024,2024,337581,78035,4.33,3 - Mod. Unaffordable (4-5x)
